country,year,literacy rate
Afghanistan,2007,
Afghanistan,2008,
Afghanistan,2009,
Afghanistan,2010,
Afghanistan,2011,31.44885063
Afghanistan,2012,
Afghanistan,2013,
Afghanistan,2014,
Afghanistan,2015,
Afghanistan,2016,
Afghanistan,2017,
Afghanistan,2018,
Afghanistan,2019,
Afghanistan,2020,
Afghanistan,2021,37.2660408
Africa Eastern and Southern,2007,61.97698975
Africa Eastern and Southern,2008,62.43222046
Africa Eastern and Southern,2009,63.04637146
Africa Eastern and Southern,2010,63.66257858
Africa Eastern and Southern,2011,65.8645401
Africa Eastern and Southern,2012,67.39182281
Africa Eastern and Southern,2013,68.44510651
Africa Eastern and Southern,2014,68.82797241
Africa Eastern and Southern,2015,69.28249359
Africa Eastern and Southern,2016,70.05960083
Africa Eastern and Southern,2017,69.99945068
Africa Eastern and Southern,2018,70.42024994
Africa Eastern and Southern,2019,71.5740509
Africa Eastern and Southern,2020,71.88990784
Africa Eastern and Southern,2021,
Africa Western and Central,2007,50.26028061
Africa Western and Central,2008,49.80102921
Africa Western and Central,2009,50.88328934
Africa Western and Central,2010,51.34383011
Africa Western and Central,2011,51.95272827
Africa Western and Central,2012,52.60353851
Africa Western and Central,2013,53.14498901
Africa Western and Central,2014,54.1866188
Africa Western and Central,2015,54.97917938
Africa Western and Central,2016,55.56496811
Africa Western and Central,2017,56.60425186
Africa Western and Central,2018,59.61927032
Africa Western and Central,2019,60.17866135
Africa Western and Central,2020,60.23498917
Africa Western and Central,2021,
Albania,2007,
Albania,2008,95.93863678
Albania,2009,
Albania,2010,
Albania,2011,96.84529877
Albania,2012,97.24697113
Albania,2013,
Albania,2014,
Albania,2015,
Albania,2016,
Albania,2017,
Albania,2018,98.14115143
Albania,2019,
Albania,2020,
Albania,2021,98.44999695
Algeria,2007,
Algeria,2008,75.13604736
Algeria,2009,
Algeria,2010,
Algeria,2011,
Algeria,2012,
Algeria,2013,
Algeria,2014,
Algeria,2015,
Algeria,2016,
Algeria,2017,
Algeria,2018,81.40783691
Algeria,2019,
Algeria,2020,
Algeria,2021,
American Samoa,2007,
American Samoa,2008,
American Samoa,2009,
American Samoa,2010,
American Samoa,2011,
American Samoa,2012,
American Samoa,2013,
American Samoa,2014,
American Samoa,2015,
American Samoa,2016,
American Samoa,2017,
American Samoa,2018,
American Samoa,2019,
American Samoa,2020,
American Samoa,2021,
Andorra,2007,
Andorra,2008,
Andorra,2009,
Andorra,2010,
Andorra,2011,
Andorra,2012,
Andorra,2013,
Andorra,2014,
Andorra,2015,
Andorra,2016,
Andorra,2017,
Andorra,2018,
Andorra,2019,
Andorra,2020,
Andorra,2021,
Angola,2007,
Angola,2008,
Angola,2009,
Angola,2010,
Angola,2011,
Angola,2012,
Angola,2013,
Angola,2014,66.03011322
Angola,2015,
Angola,2016,
Angola,2017,
Angola,2018,
Angola,2019,
Angola,2020,
Angola,2021,72.27999878
Antigua and Barbuda,2007,
Antigua and Barbuda,2008,
Antigua and Barbuda,2009,
Antigua and Barbuda,2010,
Antigua and Barbuda,2011,98.94999695
Antigua and Barbuda,2012,
Antigua and Barbuda,2013,
Antigua and Barbuda,2014,
Antigua and Barbuda,2015,98.94999695
Antigua and Barbuda,2016,
Antigua and Barbuda,2017,
Antigua and Barbuda,2018,
Antigua and Barbuda,2019,
Antigua and Barbuda,2020,
Antigua and Barbuda,2021,
Arab World,2007,68.43212891
Arab World,2008,69.43845367
Arab World,2009,68.10904694
Arab World,2010,69.06881714
Arab World,2011,70.86891937
Arab World,2012,74.35066223
Arab World,2013,73.92195129
Arab World,2014,76.12545013
Arab World,2015,73.55156708
Arab World,2016,74.92640686
Arab World,2017,75.8427124
Arab World,2018,72.94586182
Arab World,2019,73.18887329
Arab World,2020,73.58918762
Arab World,2021,
Argentina,2007,
Argentina,2008,
Argentina,2009,98.98342133
Argentina,2010,98.95497131
Argentina,2011,99.10832977
Argentina,2012,99.10523224
Argentina,2013,99.12194824
Argentina,2014,98.99388885
Argentina,2015,99.17996216
Argentina,2016,99.12500763
Argentina,2017,
Argentina,2018,99.0038681
Argentina,2019,
Argentina,2020,
Argentina,2021,
Armenia,2007,
Armenia,2008,
Armenia,2009,
Armenia,2010,
Armenia,2011,99.74440765
Armenia,2012,
Armenia,2013,
Armenia,2014,
Armenia,2015,
Armenia,2016,99.74440765
Armenia,2017,99.73606873
Armenia,2018,
Armenia,2019,
Armenia,2020,99.78861237
Armenia,2021,
Aruba,2007,
Aruba,2008,
Aruba,2009,
Aruba,2010,96.82263947
Aruba,2011,
Aruba,2012,
Aruba,2013,
Aruba,2014,
Aruba,2015,
Aruba,2016,
Aruba,2017,
Aruba,2018,97.80741882
Aruba,2019,
Aruba,2020,97.98999786
Aruba,2021,
Australia,2007,
Australia,2008,
Australia,2009,
Australia,2010,
Australia,2011,
Australia,2012,
Australia,2013,
Australia,2014,
Australia,2015,
Australia,2016,
Australia,2017,
Australia,2018,
Australia,2019,
Australia,2020,
Australia,2021,
Austria,2007,
Austria,2008,
Austria,2009,
Austria,2010,
Austria,2011,
Austria,2012,
Austria,2013,
Austria,2014,
Austria,2015,
Austria,2016,
Austria,2017,
Austria,2018,
Austria,2019,
Austria,2020,
Austria,2021,
Azerbaijan,2007,99.59319305
Azerbaijan,2008,
Azerbaijan,2009,99.75984192
Azerbaijan,2010,99.77114105
Azerbaijan,2011,99.77863312
Azerbaijan,2012,99.77577209
Azerbaijan,2013,99.78936005
Azerbaijan,2014,99.78898621
Azerbaijan,2015,99.78806305
Azerbaijan,2016,99.79006195
Azerbaijan,2017,99.79122925
Azerbaijan,2018,
Azerbaijan,2019,99.79598236
Azerbaijan,2020,
Azerbaijan,2021,
"Bahamas, The",2007,
"Bahamas, The",2008,
"Bahamas, The",2009,
"Bahamas, The",2010,
"Bahamas, The",2011,
"Bahamas, The",2012,
"Bahamas, The",2013,
"Bahamas, The",2014,
"Bahamas, The",2015,
"Bahamas, The",2016,
"Bahamas, The",2017,
"Bahamas, The",2018,
"Bahamas, The",2019,
"Bahamas, The",2020,
"Bahamas, The",2021,
Bahrain,2007,
Bahrain,2008,
Bahrain,2009,
Bahrain,2010,90.97740173
Bahrain,2011,92.30000305
Bahrain,2012,
Bahrain,2013,
Bahrain,2014,
Bahrain,2015,
Bahrain,2016,
Bahrain,2017,
Bahrain,2018,
Bahrain,2019,
Bahrain,2020,
Bahrain,2021,
Bangladesh,2007,46.66360092
Bangladesh,2008,
Bangladesh,2009,
Bangladesh,2010,
Bangladesh,2011,58.7691803
Bangladesh,2012,57.86074829
Bangladesh,2013,61.01554108
Bangladesh,2014,61.09329987
Bangladesh,2015,65.1373291
Bangladesh,2016,72.7587204
Bangladesh,2017,72.89296722
Bangladesh,2018,73.91220093
Bangladesh,2019,74.6844635
Bangladesh,2020,74.9088974
Bangladesh,2021,
Barbados,2007,
Barbados,2008,
Barbados,2009,
Barbados,2010,
Barbados,2011,
Barbados,2012,
Barbados,2013,
Barbados,2014,99.59999847
Barbados,2015,
Barbados,2016,
Barbados,2017,
Barbados,2018,
Barbados,2019,
Barbados,2020,
Barbados,2021,
Belarus,2007,
Belarus,2008,
Belarus,2009,99.6170578
Belarus,2010,
Belarus,2011,
Belarus,2012,
Belarus,2013,
Belarus,2014,
Belarus,2015,
Belarus,2016,
Belarus,2017,
Belarus,2018,
Belarus,2019,99.87400055
Belarus,2020,
Belarus,2021,
Belgium,2007,
Belgium,2008,
Belgium,2009,
Belgium,2010,
Belgium,2011,
Belgium,2012,
Belgium,2013,
Belgium,2014,
Belgium,2015,
Belgium,2016,
Belgium,2017,
Belgium,2018,
Belgium,2019,
Belgium,2020,
Belgium,2021,
Belize,2007,
Belize,2008,
Belize,2009,
Belize,2010,
Belize,2011,
Belize,2012,
Belize,2013,
Belize,2014,
Belize,2015,
Belize,2016,
Belize,2017,
Belize,2018,
Belize,2019,
Belize,2020,
Belize,2021,
Benin,2007,
Benin,2008,
Benin,2009,
Benin,2010,
Benin,2011,
Benin,2012,32.94881821
Benin,2013,
Benin,2014,
Benin,2015,
Benin,2016,
Benin,2017,
Benin,2018,42.36240005
Benin,2019,
Benin,2020,
Benin,2021,45.84000015
Bermuda,2007,
Bermuda,2008,
Bermuda,2009,
Bermuda,2010,
Bermuda,2011,
Bermuda,2012,
Bermuda,2013,
Bermuda,2014,
Bermuda,2015,
Bermuda,2016,
Bermuda,2017,
Bermuda,2018,
Bermuda,2019,
Bermuda,2020,
Bermuda,2021,
Bhutan,2007,
Bhutan,2008,
Bhutan,2009,
Bhutan,2010,
Bhutan,2011,
Bhutan,2012,55.31755829
Bhutan,2013,
Bhutan,2014,
Bhutan,2015,
Bhutan,2016,
Bhutan,2017,66.5611496
Bhutan,2018,
Bhutan,2019,
Bhutan,2020,
Bhutan,2021,70.94999695
Bolivia,2007,90.74346924
Bolivia,2008,90.69811249
Bolivia,2009,91.16783142
Bolivia,2010,
Bolivia,2011,92.22615051
Bolivia,2012,94.46057129
Bolivia,2013,
Bolivia,2014,
Bolivia,2015,92.45507813
Bolivia,2016,
Bolivia,2017,
Bolivia,2018,
Bolivia,2019,
Bolivia,2020,93.85256195
Bolivia,2021,
Bosnia and Herzegovina,2007,
Bosnia and Herzegovina,2008,
Bosnia and Herzegovina,2009,
Bosnia and Herzegovina,2010,
Bosnia and Herzegovina,2011,98.14203644
Bosnia and Herzegovina,2012,
Bosnia and Herzegovina,2013,96.99176788
Bosnia and Herzegovina,2014,
Bosnia and Herzegovina,2015,
Bosnia and Herzegovina,2016,
Bosnia and Herzegovina,2017,
Bosnia and Herzegovina,2018,
Bosnia and Herzegovina,2019,
Bosnia and Herzegovina,2020,
Bosnia and Herzegovina,2021,98.09999847
Botswana,2007,
Botswana,2008,
Botswana,2009,
Botswana,2010,
Botswana,2011,
Botswana,2012,
Botswana,2013,86.82318115
Botswana,2014,
Botswana,2015,
Botswana,2016,
Botswana,2017,
Botswana,2018,
Botswana,2019,
Botswana,2020,
Botswana,2021,
Brazil,2007,90.0093689
Brazil,2008,90.03662109
Brazil,2009,90.29821014
Brazil,2010,90.37918091
Brazil,2011,91.41123962
Brazil,2012,91.33785248
Brazil,2013,91.48423767
Brazil,2014,91.72943115
Brazil,2015,92.04789734
Brazil,2016,92.80844116
Brazil,2017,93.07582092
Brazil,2018,93.22750092
Brazil,2019,
Brazil,2020,
Brazil,2021,94.30000305
British Virgin Islands,2007,
British Virgin Islands,2008,
British Virgin Islands,2009,
British Virgin Islands,2010,
British Virgin Islands,2011,
British Virgin Islands,2012,
British Virgin Islands,2013,
British Virgin Islands,2014,
British Virgin Islands,2015,
British Virgin Islands,2016,
British Virgin Islands,2017,
British Virgin Islands,2018,
British Virgin Islands,2019,
British Virgin Islands,2020,
British Virgin Islands,2021,
Brunei Darussalam,2007,
Brunei Darussalam,2008,
Brunei Darussalam,2009,
Brunei Darussalam,2010,
Brunei Darussalam,2011,96.08556366
Brunei Darussalam,2012,
Brunei Darussalam,2013,
Brunei Darussalam,2014,
Brunei Darussalam,2015,
Brunei Darussalam,2016,
Brunei Darussalam,2017,
Brunei Darussalam,2018,97.21411133
Brunei Darussalam,2019,
Brunei Darussalam,2020,
Brunei Darussalam,2021,97.58999634
Bulgaria,2007,
Bulgaria,2008,
Bulgaria,2009,
Bulgaria,2010,
Bulgaria,2011,98.35244751
Bulgaria,2012,
Bulgaria,2013,
Bulgaria,2014,
Bulgaria,2015,
Bulgaria,2016,
Bulgaria,2017,
Bulgaria,2018,
Bulgaria,2019,
Bulgaria,2020,
Bulgaria,2021,98.41999817
Burkina Faso,2007,28.29365921
Burkina Faso,2008,
Burkina Faso,2009,
Burkina Faso,2010,
Burkina Faso,2011,
Burkina Faso,2012,
Burkina Faso,2013,
Burkina Faso,2014,34.59939957
Burkina Faso,2015,
Burkina Faso,2016,
Burkina Faso,2017,
Burkina Faso,2018,39.3458519
Burkina Faso,2019,
Burkina Faso,2020,
Burkina Faso,2021,46.04000092
Burundi,2007,
Burundi,2008,48.08406067
Burundi,2009,
Burundi,2010,
Burundi,2011,
Burundi,2012,
Burundi,2013,
Burundi,2014,61.51348877
Burundi,2015,
Burundi,2016,
Burundi,2017,68.37532806
Burundi,2018,
Burundi,2019,
Burundi,2020,
Burundi,2021,74.70999908
Cabo Verde,2007,
Cabo Verde,2008,
Cabo Verde,2009,
Cabo Verde,2010,
Cabo Verde,2011,
Cabo Verde,2012,85.32778931
Cabo Verde,2013,
Cabo Verde,2014,
Cabo Verde,2015,86.79029083
Cabo Verde,2016,
Cabo Verde,2017,
Cabo Verde,2018,
Cabo Verde,2019,
Cabo Verde,2020,
Cabo Verde,2021,90.77999878
Cambodia,2007,
Cambodia,2008,76.87129211
Cambodia,2009,76.13796234
Cambodia,2010,
Cambodia,2011,
Cambodia,2012,
Cambodia,2013,
Cambodia,2014,78.05509186
Cambodia,2015,80.52648926
Cambodia,2016,
Cambodia,2017,
Cambodia,2018,
Cambodia,2019,
Cambodia,2020,
Cambodia,2021,83.91000366
Cameroon,2007,70.67993927
Cameroon,2008,
Cameroon,2009,
Cameroon,2010,71.29051208
Cameroon,2011,
Cameroon,2012,
Cameroon,2013,
Cameroon,2014,
Cameroon,2015,
Cameroon,2016,
Cameroon,2017,
Cameroon,2018,77.07103729
Cameroon,2019,
Cameroon,2020,78.23000336
Cameroon,2021,
Canada,2007,
Canada,2008,
Canada,2009,
Canada,2010,
Canada,2011,
Canada,2012,
Canada,2013,
Canada,2014,
Canada,2015,
Canada,2016,
Canada,2017,
Canada,2018,
Canada,2019,
Canada,2020,
Canada,2021,
Caribbean small states,2007,90.27494049
Caribbean small states,2008,90.52310181
Caribbean small states,2009,90.73297882
Caribbean small states,2010,90.80419922
Caribbean small states,2011,90.85920715
Caribbean small states,2012,90.73217773
Caribbean small states,2013,90.65540314
Caribbean small states,2014,90.66783905
Caribbean small states,2015,90.78756714
Caribbean small states,2016,
Caribbean small states,2017,
Caribbean small states,2018,
Caribbean small states,2019,
Caribbean small states,2020,
Caribbean small states,2021,
Cayman Islands,2007,98.86782074
Cayman Islands,2008,
Cayman Islands,2009,
Cayman Islands,2010,
Cayman Islands,2011,
Cayman Islands,2012,
Cayman Islands,2013,
Cayman Islands,2014,
Cayman Islands,2015,
Cayman Islands,2016,
Cayman Islands,2017,98.86782074
Cayman Islands,2018,
Cayman Islands,2019,
Cayman Islands,2020,
Cayman Islands,2021,98.86782074
Central African Republic,2007,
Central African Republic,2008,
Central African Republic,2009,
Central African Republic,2010,36.75260925
Central African Republic,2011,
Central African Republic,2012,
Central African Republic,2013,
Central African Republic,2014,
Central African Republic,2015,
Central African Republic,2016,
Central African Republic,2017,
Central African Republic,2018,37.39582062
Central African Republic,2019,
Central African Republic,2020,37.49000168
Central African Republic,2021,
Central Europe and the Baltics,2007,98.85414886
Central Europe and the Baltics,2008,98.90093231
Central Europe and the Baltics,2009,99.13604736
Central Europe and the Baltics,2010,99.17223358
Central Europe and the Baltics,2011,99.20523834
Central Europe and the Baltics,2012,99.22561646
Central Europe and the Baltics,2013,99.23651123
Central Europe and the Baltics,2014,99.25499725
Central Europe and the Baltics,2015,99.27243805
Central Europe and the Baltics,2016,99.29685211
Central Europe and the Baltics,2017,99.31336975
Central Europe and the Baltics,2018,99.32743073
Central Europe and the Baltics,2019,99.34319305
Central Europe and the Baltics,2020,99.35739899
Central Europe and the Baltics,2021,
Chad,2007,
Chad,2008,
Chad,2009,
Chad,2010,
Chad,2011,
Chad,2012,
Chad,2013,
Chad,2014,
Chad,2015,26.00299072
Chad,2016,22.31155014
Chad,2017,
Chad,2018,
Chad,2019,
Chad,2020,
Chad,2021,26.76000023
Channel Islands,2007,
Channel Islands,2008,
Channel Islands,2009,
Channel Islands,2010,
Channel Islands,2011,
Channel Islands,2012,
Channel Islands,2013,
Channel Islands,2014,
Channel Islands,2015,
Channel Islands,2016,
Channel Islands,2017,
Channel Islands,2018,
Channel Islands,2019,
Channel Islands,2020,
Channel Islands,2021,
Chile,2007,
Chile,2008,97.72245026
Chile,2009,97.66423035
Chile,2010,
Chile,2011,96.70301056
Chile,2012,
Chile,2013,96.26705933
Chile,2014,
Chile,2015,96.87413025
Chile,2016,
Chile,2017,96.40228271
Chile,2018,
Chile,2019,
Chile,2020,
Chile,2021,97.04000092
China,2007,
China,2008,
China,2009,
China,2010,95.1244812
China,2011,
China,2012,
China,2013,
China,2014,
China,2015,
China,2016,
China,2017,
China,2018,96.84088898
China,2019,
China,2020,97.15000153
China,2021,
Colombia,2007,92.6517868
Colombia,2008,93.37818146
Colombia,2009,93.24468994
Colombia,2010,93.37232971
Colombia,2011,93.58052826
Colombia,2012,
Colombia,2013,
Colombia,2014,94.18624878
Colombia,2015,94.24504852
Colombia,2016,94.65384674
Colombia,2017,
Colombia,2018,95.09250641
Colombia,2019,95.24926758
Colombia,2020,95.63632965
Colombia,2021,
Comoros,2007,
Comoros,2008,
Comoros,2009,
Comoros,2010,
Comoros,2011,
Comoros,2012,49.19614029
Comoros,2013,
Comoros,2014,
Comoros,2015,
Comoros,2016,
Comoros,2017,
Comoros,2018,58.81702042
Comoros,2019,
Comoros,2020,
Comoros,2021,61.99000168
"Congo, Dem. Rep.",2007,61.20555115
"Congo, Dem. Rep.",2008,
"Congo, Dem. Rep.",2009,
"Congo, Dem. Rep.",2010,
"Congo, Dem. Rep.",2011,
"Congo, Dem. Rep.",2012,75.01718903
"Congo, Dem. Rep.",2013,
"Congo, Dem. Rep.",2014,
"Congo, Dem. Rep.",2015,
"Congo, Dem. Rep.",2016,77.04267883
"Congo, Dem. Rep.",2017,
"Congo, Dem. Rep.",2018,
"Congo, Dem. Rep.",2019,
"Congo, Dem. Rep.",2020,
"Congo, Dem. Rep.",2021,80.01999664
"Congo, Rep.",2007,
"Congo, Rep.",2008,
"Congo, Rep.",2009,
"Congo, Rep.",2010,
"Congo, Rep.",2011,79.31117249
"Congo, Rep.",2012,
"Congo, Rep.",2013,
"Congo, Rep.",2014,
"Congo, Rep.",2015,
"Congo, Rep.",2016,
"Congo, Rep.",2017,
"Congo, Rep.",2018,80.29875946
"Congo, Rep.",2019,
"Congo, Rep.",2020,
"Congo, Rep.",2021,80.61000061
Costa Rica,2007,
Costa Rica,2008,
Costa Rica,2009,
Costa Rica,2010,
Costa Rica,2011,97.40657806
Costa Rica,2012,
Costa Rica,2013,
Costa Rica,2014,
Costa Rica,2015,
Costa Rica,2016,
Costa Rica,2017,
Costa Rica,2018,97.86379242
Costa Rica,2019,
Costa Rica,2020,
Costa Rica,2021,98.04000092
Cote d'Ivoire,2007,
Cote d'Ivoire,2008,
Cote d'Ivoire,2009,
Cote d'Ivoire,2010,
Cote d'Ivoire,2011,
Cote d'Ivoire,2012,40.98162842
Cote d'Ivoire,2013,
Cote d'Ivoire,2014,43.90842056
Cote d'Ivoire,2015,
Cote d'Ivoire,2016,
Cote d'Ivoire,2017,
Cote d'Ivoire,2018,
Cote d'Ivoire,2019,89.89341736
Cote d'Ivoire,2020,
Cote d'Ivoire,2021,
Croatia,2007,
Croatia,2008,
Croatia,2009,
Croatia,2010,
Croatia,2011,99.12535858
Croatia,2012,
Croatia,2013,
Croatia,2014,
Croatia,2015,
Croatia,2016,
Croatia,2017,
Croatia,2018,
Croatia,2019,
Croatia,2020,
Croatia,2021,99.44999695
Cuba,2007,
Cuba,2008,
Cuba,2009,
Cuba,2010,
Cuba,2011,
Cuba,2012,99.75253296
Cuba,2013,
Cuba,2014,
Cuba,2015,
Cuba,2016,
Cuba,2017,
Cuba,2018,
Cuba,2019,
Cuba,2020,
Cuba,2021,99.67311096
Curacao,2007,
Curacao,2008,
Curacao,2009,
Curacao,2010,
Curacao,2011,
Curacao,2012,
Curacao,2013,
Curacao,2014,
Curacao,2015,
Curacao,2016,
Curacao,2017,
Curacao,2018,
Curacao,2019,
Curacao,2020,
Curacao,2021,
Cyprus,2007,
Cyprus,2008,
Cyprus,2009,
Cyprus,2010,
Cyprus,2011,98.67842865
Cyprus,2012,
Cyprus,2013,
Cyprus,2014,
Cyprus,2015,
Cyprus,2016,
Cyprus,2017,
Cyprus,2018,
Cyprus,2019,
Cyprus,2020,
Cyprus,2021,99.36000061
Czechia,2007,
Czechia,2008,
Czechia,2009,
Czechia,2010,
Czechia,2011,
Czechia,2012,
Czechia,2013,
Czechia,2014,
Czechia,2015,
Czechia,2016,
Czechia,2017,
Czechia,2018,
Czechia,2019,
Czechia,2020,
Czechia,2021,
Denmark,2007,
Denmark,2008,
Denmark,2009,
Denmark,2010,
Denmark,2011,
Denmark,2012,
Denmark,2013,
Denmark,2014,
Denmark,2015,
Denmark,2016,
Denmark,2017,
Denmark,2018,
Denmark,2019,
Denmark,2020,
Denmark,2021,
Djibouti,2007,
Djibouti,2008,
Djibouti,2009,
Djibouti,2010,
Djibouti,2011,
Djibouti,2012,
Djibouti,2013,
Djibouti,2014,
Djibouti,2015,
Djibouti,2016,
Djibouti,2017,
Djibouti,2018,
Djibouti,2019,
Djibouti,2020,
Djibouti,2021,
Dominica,2007,
Dominica,2008,
Dominica,2009,
Dominica,2010,
Dominica,2011,
Dominica,2012,
Dominica,2013,
Dominica,2014,
Dominica,2015,
Dominica,2016,
Dominica,2017,
Dominica,2018,
Dominica,2019,
Dominica,2020,
Dominica,2021,
Dominican Republic,2007,88.24446106
Dominican Republic,2008,
Dominican Republic,2009,
Dominican Republic,2010,89.53872681
Dominican Republic,2011,90.10637665
Dominican Republic,2012,90.15518188
Dominican Republic,2013,90.85814667
Dominican Republic,2014,91.76376343
Dominican Republic,2015,91.99121094
Dominican Republic,2016,93.77845764
Dominican Republic,2017,
Dominican Republic,2018,
Dominican Republic,2019,
Dominican Republic,2020,
Dominican Republic,2021,95.16999817
Early-demographic dividend,2007,72.0298996
Early-demographic dividend,2008,73.25747681
Early-demographic dividend,2009,74.09941864
Early-demographic dividend,2010,75.24230194
Early-demographic dividend,2011,75.24359894
Early-demographic dividend,2012,75.87638092
Early-demographic dividend,2013,76.37799835
Early-demographic dividend,2014,77.19602203
Early-demographic dividend,2015,77.91124725
Early-demographic dividend,2016,78.53462219
Early-demographic dividend,2017,78.95726776
Early-demographic dividend,2018,79.14875031
Early-demographic dividend,2019,79.96681976
Early-demographic dividend,2020,80.36566162
Early-demographic dividend,2021,
East Asia & Pacific,2007,93.5821991
East Asia & Pacific,2008,93.84104156
East Asia & Pacific,2009,94.15556335
East Asia & Pacific,2010,94.17209625
East Asia & Pacific,2011,93.97158813
East Asia & Pacific,2012,94.20420837
East Asia & Pacific,2013,94.30593872
East Asia & Pacific,2014,94.79815674
East Asia & Pacific,2015,95.01451874
East Asia & Pacific,2016,95.17617035
East Asia & Pacific,2017,95.36701202
East Asia & Pacific,2018,95.43128967
East Asia & Pacific,2019,95.86206055
East Asia & Pacific,2020,96.01457977
East Asia & Pacific,2021,
East Asia & Pacific (IDA & IBRD countries),2007,93.8250885
East Asia & Pacific (IDA & IBRD countries),2008,94.05930328
East Asia & Pacific (IDA & IBRD countries),2009,94.37766266
East Asia & Pacific (IDA & IBRD countries),2010,94.46362305
East Asia & Pacific (IDA & IBRD countries),2011,94.3031311
East Asia & Pacific (IDA & IBRD countries),2012,94.52301788
East Asia & Pacific (IDA & IBRD countries),2013,94.6206665
East Asia & Pacific (IDA & IBRD countries),2014,95.03782654
East Asia & Pacific (IDA & IBRD countries),2015,95.2502594
East Asia & Pacific (IDA & IBRD countries),2016,95.40838623
East Asia & Pacific (IDA & IBRD countries),2017,95.59593964
East Asia & Pacific (IDA & IBRD countries),2018,95.65483093
East Asia & Pacific (IDA & IBRD countries),2019,96.06794739
East Asia & Pacific (IDA & IBRD countries),2020,96.22232819
East Asia & Pacific (IDA & IBRD countries),2021,
East Asia & Pacific (excluding high income),2007,93.89996338
East Asia & Pacific (excluding high income),2008,94.13134003
East Asia & Pacific (excluding high income),2009,94.44586945
East Asia & Pacific (excluding high income),2010,94.53077698
East Asia & Pacific (excluding high income),2011,94.37229156
East Asia & Pacific (excluding high income),2012,94.58950043
East Asia & Pacific (excluding high income),2013,94.68592834
East Asia & Pacific (excluding high income),2014,95.0980072
East Asia & Pacific (excluding high income),2015,95.30786896
East Asia & Pacific (excluding high income),2016,95.46404266
East Asia & Pacific (excluding high income),2017,95.64930725
East Asia & Pacific (excluding high income),2018,95.70745087
East Asia & Pacific (excluding high income),2019,96.11556244
East Asia & Pacific (excluding high income),2020,96.268013
East Asia & Pacific (excluding high income),2021,
Ecuador,2007,92.0967865
Ecuador,2008,92.3900528
Ecuador,2009,92.24976349
Ecuador,2010,91.85404205
Ecuador,2011,91.5868988
Ecuador,2012,92.06472778
Ecuador,2013,93.29463196
Ecuador,2014,94.22264099
Ecuador,2015,94.45565796
Ecuador,2016,94.35022736
Ecuador,2017,92.82978821
Ecuador,2018,
Ecuador,2019,
Ecuador,2020,93.62609863
Ecuador,2021,94.48358917
"Egypt, Arab Rep.",2007,
"Egypt, Arab Rep.",2008,
"Egypt, Arab Rep.",2009,
"Egypt, Arab Rep.",2010,72.04785156
"Egypt, Arab Rep.",2011,
"Egypt, Arab Rep.",2012,73.86559296
"Egypt, Arab Rep.",2013,72.44249725
"Egypt, Arab Rep.",2014,
"Egypt, Arab Rep.",2015,
"Egypt, Arab Rep.",2016,
"Egypt, Arab Rep.",2017,71.16825104
"Egypt, Arab Rep.",2018,
"Egypt, Arab Rep.",2019,
"Egypt, Arab Rep.",2020,
"Egypt, Arab Rep.",2021,73.08999634
El Salvador,2007,82.02863312
El Salvador,2008,83.95130157
El Salvador,2009,84.10289001
El Salvador,2010,84.49272156
El Salvador,2011,85.49398804
El Salvador,2012,
El Salvador,2013,86.76757813
El Salvador,2014,
El Salvador,2015,87.96984863
El Salvador,2016,88.14176941
El Salvador,2017,88.48271179
El Salvador,2018,89.00859833
El Salvador,2019,89.13791656
El Salvador,2020,89.98452759
El Salvador,2021,
Equatorial Guinea,2007,
Equatorial Guinea,2008,
Equatorial Guinea,2009,
Equatorial Guinea,2010,94.3705368
Equatorial Guinea,2011,
Equatorial Guinea,2012,
Equatorial Guinea,2013,
Equatorial Guinea,2014,
Equatorial Guinea,2015,
Equatorial Guinea,2016,
Equatorial Guinea,2017,
Equatorial Guinea,2018,
Equatorial Guinea,2019,
Equatorial Guinea,2020,
Equatorial Guinea,2021,
Eritrea,2007,
Eritrea,2008,64.6629715
Eritrea,2009,
Eritrea,2010,
Eritrea,2011,
Eritrea,2012,
Eritrea,2013,
Eritrea,2014,
Eritrea,2015,
Eritrea,2016,
Eritrea,2017,
Eritrea,2018,76.57051849
Eritrea,2019,
Eritrea,2020,
Eritrea,2021,
Estonia,2007,
Estonia,2008,
Estonia,2009,
Estonia,2010,
Estonia,2011,99.88578796
Estonia,2012,
Estonia,2013,
Estonia,2014,
Estonia,2015,
Estonia,2016,
Estonia,2017,
Estonia,2018,
Estonia,2019,
Estonia,2020,
Estonia,2021,99.87000275
Eswatini,2007,
Eswatini,2008,
Eswatini,2009,
Eswatini,2010,83.09828949
Eswatini,2011,
Eswatini,2012,
Eswatini,2013,
Eswatini,2014,
Eswatini,2015,
Eswatini,2016,
Eswatini,2017,
Eswatini,2018,88.41938019
Eswatini,2019,
Eswatini,2020,89.27999878
Eswatini,2021,
Ethiopia,2007,38.99597931
Ethiopia,2008,
Ethiopia,2009,
Ethiopia,2010,
Ethiopia,2011,
Ethiopia,2012,
Ethiopia,2013,
Ethiopia,2014,
Ethiopia,2015,
Ethiopia,2016,
Ethiopia,2017,51.7711792
Ethiopia,2018,
Ethiopia,2019,
Ethiopia,2020,
Ethiopia,2021,
Euro area,2007,
Euro area,2008,
Euro area,2009,
Euro area,2010,
Euro area,2011,
Euro area,2012,
Euro area,2013,
Euro area,2014,
Euro area,2015,
Euro area,2016,
Euro area,2017,
Euro area,2018,
Euro area,2019,
Euro area,2020,
Euro area,2021,
Europe & Central Asia,2007,97.12386322
Europe & Central Asia,2008,97.15885162
Europe & Central Asia,2009,97.40518188
Europe & Central Asia,2010,97.56700897
Europe & Central Asia,2011,97.70388031
Europe & Central Asia,2012,97.80539703
Europe & Central Asia,2013,97.87165833
Europe & Central Asia,2014,97.91472626
Europe & Central Asia,2015,97.95932007
Europe & Central Asia,2016,98.04750061
Europe & Central Asia,2017,98.09268951
Europe & Central Asia,2018,98.14884186
Europe & Central Asia,2019,98.20648193
Europe & Central Asia,2020,98.25228882
Europe & Central Asia,2021,
Europe & Central Asia (IDA & IBRD countries),2007,97.76051331
Europe & Central Asia (IDA & IBRD countries),2008,97.77100372
Europe & Central Asia (IDA & IBRD countries),2009,98.24823761
Europe & Central Asia (IDA & IBRD countries),2010,98.52033997
Europe & Central Asia (IDA & IBRD countries),2011,98.74178314
Europe & Central Asia (IDA & IBRD countries),2012,98.8575592
Europe & Central Asia (IDA & IBRD countries),2013,98.9017868
Europe & Central Asia (IDA & IBRD countries),2014,98.93090057
Europe & Central Asia (IDA & IBRD countries),2015,98.95776367
Europe & Central Asia (IDA & IBRD countries),2016,99.06574249
Europe & Central Asia (IDA & IBRD countries),2017,99.06919861
Europe & Central Asia (IDA & IBRD countries),2018,99.10180664
Europe & Central Asia (IDA & IBRD countries),2019,99.16972351
Europe & Central Asia (IDA & IBRD countries),2020,99.19200897
Europe & Central Asia (IDA & IBRD countries),2021,
Europe & Central Asia (excluding high income),2007,97.54872131
Europe & Central Asia (excluding high income),2008,97.55384827
Europe & Central Asia (excluding high income),2009,98.05924225
Europe & Central Asia (excluding high income),2010,98.37638092
Europe & Central Asia (excluding high income),2011,98.6343689
Europe & Central Asia (excluding high income),2012,98.76773071
Europe & Central Asia (excluding high income),2013,98.81713104
Europe & Central Asia (excluding high income),2014,98.84879303
Europe & Central Asia (excluding high income),2015,98.87792206
Europe & Central Asia (excluding high income),2016,99.00218964
Europe & Central Asia (excluding high income),2017,99.00428009
Europe & Central Asia (excluding high income),2018,99.04042053
Europe & Central Asia (excluding high income),2019,99.11755371
Europe & Central Asia (excluding high income),2020,99.14138031
Europe & Central Asia (excluding high income),2021,
European Union,2007,
European Union,2008,
European Union,2009,
European Union,2010,
European Union,2011,
European Union,2012,
European Union,2013,
European Union,2014,
European Union,2015,
European Union,2016,
European Union,2017,
European Union,2018,
European Union,2019,
European Union,2020,
European Union,2021,
Faroe Islands,2007,
Faroe Islands,2008,
Faroe Islands,2009,
Faroe Islands,2010,
Faroe Islands,2011,
Faroe Islands,2012,
Faroe Islands,2013,
Faroe Islands,2014,
Faroe Islands,2015,
Faroe Islands,2016,
Faroe Islands,2017,
Faroe Islands,2018,
Faroe Islands,2019,
Faroe Islands,2020,
Faroe Islands,2021,
Fiji,2007,
Fiji,2008,
Fiji,2009,
Fiji,2010,
Fiji,2011,
Fiji,2012,
Fiji,2013,
Fiji,2014,
Fiji,2015,
Fiji,2016,
Fiji,2017,
Fiji,2018,
Fiji,2019,
Fiji,2020,
Fiji,2021,
Finland,2007,
Finland,2008,
Finland,2009,
Finland,2010,
Finland,2011,
Finland,2012,
Finland,2013,
Finland,2014,
Finland,2015,
Finland,2016,
Finland,2017,
Finland,2018,
Finland,2019,
Finland,2020,
Finland,2021,
Fragile and conflict affected situations,2007,61.77381134
Fragile and conflict affected situations,2008,61.65021896
Fragile and conflict affected situations,2009,61.30495071
Fragile and conflict affected situations,2010,61.58929825
Fragile and conflict affected situations,2011,61.49845123
Fragile and conflict affected situations,2012,63.06097031
Fragile and conflict affected situations,2013,63.47185135
Fragile and conflict affected situations,2014,64.25849152
Fragile and conflict affected situations,2015,63.29774857
Fragile and conflict affected situations,2016,65.07672882
Fragile and conflict affected situations,2017,65.81365967
Fragile and conflict affected situations,2018,64.17391968
Fragile and conflict affected situations,2019,65.13777161
Fragile and conflict affected situations,2020,65.08299255
Fragile and conflict affected situations,2021,
France,2007,
France,2008,
France,2009,
France,2010,
France,2011,
France,2012,
France,2013,
France,2014,
France,2015,
France,2016,
France,2017,
France,2018,
France,2019,
France,2020,
France,2021,
French Polynesia,2007,
French Polynesia,2008,
French Polynesia,2009,
French Polynesia,2010,
French Polynesia,2011,
French Polynesia,2012,
French Polynesia,2013,
French Polynesia,2014,
French Polynesia,2015,
French Polynesia,2016,
French Polynesia,2017,
French Polynesia,2018,
French Polynesia,2019,
French Polynesia,2020,
French Polynesia,2021,
Gabon,2007,
Gabon,2008,
Gabon,2009,
Gabon,2010,
Gabon,2011,
Gabon,2012,82.28379822
Gabon,2013,
Gabon,2014,
Gabon,2015,
Gabon,2016,
Gabon,2017,
Gabon,2018,84.66716003
Gabon,2019,
Gabon,2020,
Gabon,2021,85.45999908
"Gambia, The",2007,
"Gambia, The",2008,
"Gambia, The",2009,
"Gambia, The",2010,
"Gambia, The",2011,
"Gambia, The",2012,
"Gambia, The",2013,41.95005035
"Gambia, The",2014,
"Gambia, The",2015,50.77796936
"Gambia, The",2016,
"Gambia, The",2017,
"Gambia, The",2018,
"Gambia, The",2019,
"Gambia, The",2020,
"Gambia, The",2021,58.06000137
Georgia,2007,
Georgia,2008,
Georgia,2009,
Georgia,2010,
Georgia,2011,
Georgia,2012,
Georgia,2013,
Georgia,2014,99.58618927
Georgia,2015,
Georgia,2016,
Georgia,2017,99.36425781
Georgia,2018,
Georgia,2019,99.55844116
Georgia,2020,
Georgia,2021,
Germany,2007,
Germany,2008,
Germany,2009,
Germany,2010,
Germany,2011,
Germany,2012,
Germany,2013,
Germany,2014,
Germany,2015,
Germany,2016,
Germany,2017,
Germany,2018,
Germany,2019,
Germany,2020,
Germany,2021,
Ghana,2007,
Ghana,2008,
Ghana,2009,
Ghana,2010,71.49707031
Ghana,2011,
Ghana,2012,
Ghana,2013,
Ghana,2014,
Ghana,2015,
Ghana,2016,
Ghana,2017,
Ghana,2018,79.03964233
Ghana,2019,
Ghana,2020,80.37999725
Ghana,2021,
Gibraltar,2007,
Gibraltar,2008,
Gibraltar,2009,
Gibraltar,2010,
Gibraltar,2011,
Gibraltar,2012,
Gibraltar,2013,
Gibraltar,2014,
Gibraltar,2015,
Gibraltar,2016,
Gibraltar,2017,
Gibraltar,2018,
Gibraltar,2019,
Gibraltar,2020,
Gibraltar,2021,
Greece,2007,93.93154907
Greece,2008,
Greece,2009,93.90511322
Greece,2010,
Greece,2011,97.36873627
Greece,2012,
Greece,2013,
Greece,2014,
Greece,2015,
Greece,2016,
Greece,2017,
Greece,2018,97.93595123
Greece,2019,
Greece,2020,
Greece,2021,
Greenland,2007,
Greenland,2008,
Greenland,2009,
Greenland,2010,
Greenland,2011,
Greenland,2012,
Greenland,2013,
Greenland,2014,
Greenland,2015,
Greenland,2016,
Greenland,2017,
Greenland,2018,
Greenland,2019,
Greenland,2020,
Greenland,2021,
Grenada,2007,
Grenada,2008,
Grenada,2009,
Grenada,2010,
Grenada,2011,
Grenada,2012,
Grenada,2013,
Grenada,2014,98.59999847
Grenada,2015,
Grenada,2016,
Grenada,2017,
Grenada,2018,
Grenada,2019,
Grenada,2020,
Grenada,2021,
Guam,2007,
Guam,2008,
Guam,2009,
Guam,2010,
Guam,2011,
Guam,2012,
Guam,2013,
Guam,2014,
Guam,2015,
Guam,2016,
Guam,2017,
Guam,2018,
Guam,2019,
Guam,2020,
Guam,2021,
Guatemala,2007,
Guatemala,2008,
Guatemala,2009,
Guatemala,2010,
Guatemala,2011,
Guatemala,2012,78.26486206
Guatemala,2013,77.0386734
Guatemala,2014,81.2858963
Guatemala,2015,
Guatemala,2016,
Guatemala,2017,
Guatemala,2018,80.81067657
Guatemala,2019,
Guatemala,2020,
Guatemala,2021,83.34999847
Guinea,2007,
Guinea,2008,
Guinea,2009,
Guinea,2010,25.30773926
Guinea,2011,
Guinea,2012,
Guinea,2013,
Guinea,2014,32.0038414
Guinea,2015,
Guinea,2016,
Guinea,2017,
Guinea,2018,39.6176796
Guinea,2019,
Guinea,2020,
Guinea,2021,45.33000183
Guinea-Bissau,2007,
Guinea-Bissau,2008,
Guinea-Bissau,2009,
Guinea-Bissau,2010,
Guinea-Bissau,2011,
Guinea-Bissau,2012,
Guinea-Bissau,2013,
Guinea-Bissau,2014,45.5811615
Guinea-Bissau,2015,
Guinea-Bissau,2016,
Guinea-Bissau,2017,
Guinea-Bissau,2018,
Guinea-Bissau,2019,
Guinea-Bissau,2020,
Guinea-Bissau,2021,52.88999939
Guyana,2007,
Guyana,2008,
Guyana,2009,84.99401093
Guyana,2010,
Guyana,2011,
Guyana,2012,
Guyana,2013,
Guyana,2014,85.63973236
Guyana,2015,
Guyana,2016,
Guyana,2017,
Guyana,2018,
Guyana,2019,
Guyana,2020,
Guyana,2021,88.84999847
Haiti,2007,
Haiti,2008,
Haiti,2009,
Haiti,2010,
Haiti,2011,
Haiti,2012,
Haiti,2013,
Haiti,2014,
Haiti,2015,
Haiti,2016,61.69134903
Haiti,2017,
Haiti,2018,
Haiti,2019,
Haiti,2020,
Haiti,2021,
Heavily indebted poor countries (HIPC),2007,52.85353088
Heavily indebted poor countries (HIPC),2008,53.09774017
Heavily indebted poor countries (HIPC),2009,53.24892044
Heavily indebted poor countries (HIPC),2010,54.06692123
Heavily indebted poor countries (HIPC),2011,56.10511017
Heavily indebted poor countries (HIPC),2012,57.40147018
Heavily indebted poor countries (HIPC),2013,58.38639832
Heavily indebted poor countries (HIPC),2014,59.229599
Heavily indebted poor countries (HIPC),2015,59.71197891
Heavily indebted poor countries (HIPC),2016,60.52399826
Heavily indebted poor countries (HIPC),2017,61.6227684
Heavily indebted poor countries (HIPC),2018,63.00833893
Heavily indebted poor countries (HIPC),2019,63.6308403
Heavily indebted poor countries (HIPC),2020,63.94654846
Heavily indebted poor countries (HIPC),2021,
High income,2007,
High income,2008,
High income,2009,
High income,2010,
High income,2011,
High income,2012,
High income,2013,
High income,2014,
High income,2015,
High income,2016,
High income,2017,
High income,2018,
High income,2019,
High income,2020,
High income,2021,
Honduras,2007,83.58898926
Honduras,2008,
Honduras,2009,
Honduras,2010,84.75536346
Honduras,2011,85.12329865
Honduras,2012,85.35555267
Honduras,2013,85.4644165
Honduras,2014,87.19753265
Honduras,2015,87.90682983
Honduras,2016,88.98748016
Honduras,2017,
Honduras,2018,87.20523834
Honduras,2019,88.50743103
Honduras,2020,
Honduras,2021,
"Hong Kong SAR, China",2007,
"Hong Kong SAR, China",2008,
"Hong Kong SAR, China",2009,
"Hong Kong SAR, China",2010,
"Hong Kong SAR, China",2011,
"Hong Kong SAR, China",2012,
"Hong Kong SAR, China",2013,
"Hong Kong SAR, China",2014,
"Hong Kong SAR, China",2015,
"Hong Kong SAR, China",2016,
"Hong Kong SAR, China",2017,
"Hong Kong SAR, China",2018,
"Hong Kong SAR, China",2019,
"Hong Kong SAR, China",2020,
"Hong Kong SAR, China",2021,
Hungary,2007,
Hungary,2008,
Hungary,2009,
Hungary,2010,
Hungary,2011,
Hungary,2012,
Hungary,2013,
Hungary,2014,99.09999847
Hungary,2015,
Hungary,2016,
Hungary,2017,
Hungary,2018,
Hungary,2019,
Hungary,2020,
Hungary,2021,99.09999847
IBRD only,2007,85.46440125
IBRD only,2008,85.81437683
IBRD only,2009,86.20594788
IBRD only,2010,86.7857666
IBRD only,2011,87.14035034
IBRD only,2012,87.64228821
IBRD only,2013,87.81001282
IBRD only,2014,88.314888
IBRD only,2015,88.38742828
IBRD only,2016,88.7665863
IBRD only,2017,88.9834671
IBRD only,2018,88.96295929
IBRD only,2019,89.34327698
IBRD only,2020,89.58325195
IBRD only,2021,
IDA & IBRD total,2007,80.08302307
IDA & IBRD total,2008,80.65590668
IDA & IBRD total,2009,81.01213837
IDA & IBRD total,2010,81.52977753
IDA & IBRD total,2011,81.78588104
IDA & IBRD total,2012,82.31726837
IDA & IBRD total,2013,82.55223083
IDA & IBRD total,2014,83.05555725
IDA & IBRD total,2015,83.235672
IDA & IBRD total,2016,83.78101349
IDA & IBRD total,2017,84.07015228
IDA & IBRD total,2018,84.11257935
IDA & IBRD total,2019,84.55732727
IDA & IBRD total,2020,84.74362946
IDA & IBRD total,2021,
IDA blend,2007,59.77349854
IDA blend,2008,61.00965118
IDA blend,2009,61.94287109
IDA blend,2010,62.39707947
IDA blend,2011,62.47026062
IDA blend,2012,63.87588882
IDA blend,2013,63.73519135
IDA blend,2014,64.59818268
IDA blend,2015,65.02671814
IDA blend,2016,65.72673035
IDA blend,2017,66.5821991
IDA blend,2018,66.03430939
IDA blend,2019,66.48745728
IDA blend,2020,66.76564026
IDA blend,2021,
IDA only,2007,55.51670074
IDA only,2008,57.61193848
IDA only,2009,57.87440872
IDA only,2010,58.45849991
IDA only,2011,58.61759186
IDA only,2012,59.30995941
IDA only,2013,60.56940079
IDA only,2014,61.3146019
IDA only,2015,62.44129944
IDA only,2016,64.29682922
IDA only,2017,65.13645172
IDA only,2018,66.25772095
IDA only,2019,67.47814941
IDA only,2020,67.7516098
IDA only,2021,
IDA total,2007,56.94850159
IDA total,2008,58.75569153
IDA total,2009,59.24505997
IDA total,2010,59.78641891
IDA total,2011,59.9167099
IDA total,2012,60.84981918
IDA total,2013,61.63714981
IDA total,2014,62.42197037
IDA total,2015,63.31293869
IDA total,2016,64.77850342
IDA total,2017,65.62299347
IDA total,2018,66.18261719
IDA total,2019,67.14550018
IDA total,2020,67.42095184
IDA total,2021,
Iceland,2007,
Iceland,2008,
Iceland,2009,
Iceland,2010,
Iceland,2011,
Iceland,2012,
Iceland,2013,
Iceland,2014,
Iceland,2015,
Iceland,2016,
Iceland,2017,
Iceland,2018,
Iceland,2019,
Iceland,2020,
Iceland,2021,
India,2007,
India,2008,
India,2009,
India,2010,
India,2011,69.3025589
India,2012,
India,2013,
India,2014,
India,2015,
India,2016,
India,2017,
India,2018,74.37299347
India,2019,
India,2020,
India,2021,
Indonesia,2007,
Indonesia,2008,92.19229889
Indonesia,2009,92.58170319
Indonesia,2010,
Indonesia,2011,92.81191254
Indonesia,2012,
Indonesia,2013,
Indonesia,2014,95.11621857
Indonesia,2015,95.21793365
Indonesia,2016,95.37696838
Indonesia,2017,
Indonesia,2018,95.65856171
Indonesia,2019,
Indonesia,2020,95.99900818
Indonesia,2021,
"Iran, Islamic Rep.",2007,
"Iran, Islamic Rep.",2008,82.96230316
"Iran, Islamic Rep.",2009,
"Iran, Islamic Rep.",2010,
"Iran, Islamic Rep.",2011,
"Iran, Islamic Rep.",2012,83.62599182
"Iran, Islamic Rep.",2013,84.62680054
"Iran, Islamic Rep.",2014,84.70523834
"Iran, Islamic Rep.",2015,
"Iran, Islamic Rep.",2016,85.54425049
"Iran, Islamic Rep.",2017,
"Iran, Islamic Rep.",2018,
"Iran, Islamic Rep.",2019,
"Iran, Islamic Rep.",2020,
"Iran, Islamic Rep.",2021,88.73999786
Iraq,2007,
Iraq,2008,
Iraq,2009,
Iraq,2010,
Iraq,2011,
Iraq,2012,77.19999695
Iraq,2013,72.69999695
Iraq,2014,82.19999695
Iraq,2015,
Iraq,2016,83.30000305
Iraq,2017,85.59999847
Iraq,2018,
Iraq,2019,
Iraq,2020,
Iraq,2021,
Ireland,2007,
Ireland,2008,
Ireland,2009,
Ireland,2010,
Ireland,2011,
Ireland,2012,
Ireland,2013,
Ireland,2014,
Ireland,2015,
Ireland,2016,
Ireland,2017,
Ireland,2018,
Ireland,2019,
Ireland,2020,
Ireland,2021,
Isle of Man,2007,
Isle of Man,2008,
Isle of Man,2009,
Isle of Man,2010,
Isle of Man,2011,
Isle of Man,2012,
Isle of Man,2013,
Isle of Man,2014,
Isle of Man,2015,
Isle of Man,2016,
Isle of Man,2017,
Isle of Man,2018,
Isle of Man,2019,
Isle of Man,2020,
Isle of Man,2021,
Israel,2007,
Israel,2008,
Israel,2009,
Israel,2010,
Israel,2011,
Israel,2012,
Israel,2013,
Israel,2014,
Israel,2015,
Israel,2016,
Israel,2017,
Israel,2018,
Israel,2019,
Israel,2020,
Israel,2021,
Italy,2007,
Italy,2008,
Italy,2009,
Italy,2010,
Italy,2011,98.84828186
Italy,2012,
Italy,2013,
Italy,2014,
Italy,2015,
Italy,2016,
Italy,2017,
Italy,2018,99.15576172
Italy,2019,99.34909821
Italy,2020,
Italy,2021,
Jamaica,2007,
Jamaica,2008,
Jamaica,2009,
Jamaica,2010,
Jamaica,2011,
Jamaica,2012,
Jamaica,2013,
Jamaica,2014,88.09999847
Jamaica,2015,
Jamaica,2016,
Jamaica,2017,
Jamaica,2018,
Jamaica,2019,
Jamaica,2020,
Jamaica,2021,
Japan,2007,
Japan,2008,
Japan,2009,
Japan,2010,
Japan,2011,
Japan,2012,
Japan,2013,
Japan,2014,
Japan,2015,
Japan,2016,
Japan,2017,
Japan,2018,
Japan,2019,
Japan,2020,
Japan,2021,
Jordan,2007,92.19957733
Jordan,2008,
Jordan,2009,
Jordan,2010,92.55104065
Jordan,2011,95.90444946
Jordan,2012,97.89031982
Jordan,2013,
Jordan,2014,
Jordan,2015,
Jordan,2016,
Jordan,2017,
Jordan,2018,98.22711182
Jordan,2019,
Jordan,2020,
Jordan,2021,98.41999817
Kazakhstan,2007,
Kazakhstan,2008,
Kazakhstan,2009,99.73240662
Kazakhstan,2010,99.78163147
Kazakhstan,2011,
Kazakhstan,2012,
Kazakhstan,2013,
Kazakhstan,2014,
Kazakhstan,2015,
Kazakhstan,2016,
Kazakhstan,2017,
Kazakhstan,2018,99.78163147
Kazakhstan,2019,
Kazakhstan,2020,99.80000305
Kazakhstan,2021,
Kenya,2007,72.1570282
Kenya,2008,
Kenya,2009,
Kenya,2010,
Kenya,2011,
Kenya,2012,
Kenya,2013,
Kenya,2014,78.73303986
Kenya,2015,
Kenya,2016,
Kenya,2017,
Kenya,2018,81.53497314
Kenya,2019,
Kenya,2020,
Kenya,2021,82.62000275
Kiribati,2007,
Kiribati,2008,
Kiribati,2009,
Kiribati,2010,
Kiribati,2011,
Kiribati,2012,
Kiribati,2013,
Kiribati,2014,
Kiribati,2015,
Kiribati,2016,
Kiribati,2017,
Kiribati,2018,
Kiribati,2019,
Kiribati,2020,
Kiribati,2021,
"Korea, Dem. People's Rep.",2007,
"Korea, Dem. People's Rep.",2008,99.99819183
"Korea, Dem. People's Rep.",2009,
"Korea, Dem. People's Rep.",2010,
"Korea, Dem. People's Rep.",2011,
"Korea, Dem. People's Rep.",2012,
"Korea, Dem. People's Rep.",2013,
"Korea, Dem. People's Rep.",2014,
"Korea, Dem. People's Rep.",2015,
"Korea, Dem. People's Rep.",2016,
"Korea, Dem. People's Rep.",2017,
"Korea, Dem. People's Rep.",2018,99.99819183
"Korea, Dem. People's Rep.",2019,
"Korea, Dem. People's Rep.",2020,
"Korea, Dem. People's Rep.",2021,
"Korea, Rep.",2007,
"Korea, Rep.",2008,97.96594238
"Korea, Rep.",2009,
"Korea, Rep.",2010,
"Korea, Rep.",2011,
"Korea, Rep.",2012,
"Korea, Rep.",2013,
"Korea, Rep.",2014,
"Korea, Rep.",2015,
"Korea, Rep.",2016,
"Korea, Rep.",2017,
"Korea, Rep.",2018,98.80000305
"Korea, Rep.",2019,
"Korea, Rep.",2020,
"Korea, Rep.",2021,
Kosovo,2007,
Kosovo,2008,
Kosovo,2009,
Kosovo,2010,
Kosovo,2011,
Kosovo,2012,
Kosovo,2013,
Kosovo,2014,
Kosovo,2015,
Kosovo,2016,
Kosovo,2017,
Kosovo,2018,
Kosovo,2019,
Kosovo,2020,
Kosovo,2021,
Kuwait,2007,93.6641922
Kuwait,2008,93.89830017
Kuwait,2009,
Kuwait,2010,94.4690094
Kuwait,2011,
Kuwait,2012,95.51316833
Kuwait,2013,95.58582306
Kuwait,2014,
Kuwait,2015,95.68544769
Kuwait,2016,
Kuwait,2017,96.03594971
Kuwait,2018,96.05647278
Kuwait,2019,
Kuwait,2020,96.45754242
Kuwait,2021,
Kyrgyz Republic,2007,
Kyrgyz Republic,2008,
Kyrgyz Republic,2009,99.24343109
Kyrgyz Republic,2010,
Kyrgyz Republic,2011,
Kyrgyz Republic,2012,
Kyrgyz Republic,2013,
Kyrgyz Republic,2014,
Kyrgyz Republic,2015,
Kyrgyz Republic,2016,
Kyrgyz Republic,2017,
Kyrgyz Republic,2018,99.58599854
Kyrgyz Republic,2019,99.59999847
Kyrgyz Republic,2020,
Kyrgyz Republic,2021,
Lao PDR,2007,
Lao PDR,2008,
Lao PDR,2009,
Lao PDR,2010,
Lao PDR,2011,58.28794098
Lao PDR,2012,
Lao PDR,2013,
Lao PDR,2014,
Lao PDR,2015,84.66104126
Lao PDR,2016,
Lao PDR,2017,
Lao PDR,2018,
Lao PDR,2019,
Lao PDR,2020,
Lao PDR,2021,87.06999969
Late-demographic dividend,2007,94.05142975
Late-demographic dividend,2008,94.26799011
Late-demographic dividend,2009,94.53801727
Late-demographic dividend,2010,94.56034851
Late-demographic dividend,2011,95.07137299
Late-demographic dividend,2012,95.23835754
Late-demographic dividend,2013,95.29447937
Late-demographic dividend,2014,95.52902985
Late-demographic dividend,2015,95.62265015
Late-demographic dividend,2016,95.84777069
Late-demographic dividend,2017,95.98296356
Late-demographic dividend,2018,96.12787628
Late-demographic dividend,2019,96.30364227
Late-demographic dividend,2020,96.440979
Late-demographic dividend,2021,
Latin America & Caribbean,2007,91.05211639
Latin America & Caribbean,2008,91.30175781
Latin America & Caribbean,2009,91.57601166
Latin America & Caribbean,2010,91.56577301
Latin America & Caribbean,2011,92.1350174
Latin America & Caribbean,2012,92.35542297
Latin America & Caribbean,2013,92.40048218
Latin America & Caribbean,2014,92.84902191
Latin America & Caribbean,2015,93.02124786
Latin America & Caribbean,2016,93.48773956
Latin America & Caribbean,2017,93.52474213
Latin America & Caribbean,2018,93.67971802
Latin America & Caribbean,2019,94.09378815
Latin America & Caribbean,2020,94.11495209
Latin America & Caribbean,2021,
Latin America & Caribbean (excluding high income),2007,90.47889709
Latin America & Caribbean (excluding high income),2008,90.75299835
Latin America & Caribbean (excluding high income),2009,91.06758118
Latin America & Caribbean (excluding high income),2010,91.06822968
Latin America & Caribbean (excluding high income),2011,91.75531769
Latin America & Caribbean (excluding high income),2012,91.97734833
Latin America & Caribbean (excluding high income),2013,92.04438782
Latin America & Caribbean (excluding high income),2014,92.45662689
Latin America & Caribbean (excluding high income),2015,92.6381073
Latin America & Caribbean (excluding high income),2016,93.11830139
Latin America & Caribbean (excluding high income),2017,93.1860733
Latin America & Caribbean (excluding high income),2018,93.3474884
Latin America & Caribbean (excluding high income),2019,93.79974365
Latin America & Caribbean (excluding high income),2020,93.81555176
Latin America & Caribbean (excluding high income),2021,
Latin America & the Caribbean (IDA & IBRD countries),2007,90.83553314
Latin America & the Caribbean (IDA & IBRD countries),2008,91.09477997
Latin America & the Caribbean (IDA & IBRD countries),2009,91.38269043
Latin America & the Caribbean (IDA & IBRD countries),2010,91.37534332
Latin America & the Caribbean (IDA & IBRD countries),2011,91.96116638
Latin America & the Caribbean (IDA & IBRD countries),2012,92.18994141
Latin America & the Caribbean (IDA & IBRD countries),2013,92.23654175
Latin America & the Caribbean (IDA & IBRD countries),2014,92.69911194
Latin America & the Caribbean (IDA & IBRD countries),2015,92.88082123
Latin America & the Caribbean (IDA & IBRD countries),2016,93.36209869
Latin America & the Caribbean (IDA & IBRD countries),2017,93.40135193
Latin America & the Caribbean (IDA & IBRD countries),2018,93.56172943
Latin America & the Caribbean (IDA & IBRD countries),2019,93.98806763
Latin America & the Caribbean (IDA & IBRD countries),2020,94.01081085
Latin America & the Caribbean (IDA & IBRD countries),2021,
Latvia,2007,
Latvia,2008,
Latvia,2009,
Latvia,2010,
Latvia,2011,99.89589691
Latvia,2012,
Latvia,2013,
Latvia,2014,
Latvia,2015,
Latvia,2016,
Latvia,2017,
Latvia,2018,99.88931274
Latvia,2019,
Latvia,2020,
Latvia,2021,99.88999939
Least developed countries: UN classification,2007,53.3325119
Least developed countries: UN classification,2008,55.54776001
Least developed countries: UN classification,2009,56.14736176
Least developed countries: UN classification,2010,56.64477158
Least developed countries: UN classification,2011,56.7669487
Least developed countries: UN classification,2012,57.55464172
Least developed countries: UN classification,2013,58.91767883
Least developed countries: UN classification,2014,59.6724205
Least developed countries: UN classification,2015,60.92313004
Least developed countries: UN classification,2016,62.93978882
Least developed countries: UN classification,2017,63.8528595
Least developed countries: UN classification,2018,64.06213379
Least developed countries: UN classification,2019,65.40097809
Least developed countries: UN classification,2020,65.69664001
Least developed countries: UN classification,2021,
Lebanon,2007,89.61244202
Lebanon,2008,
Lebanon,2009,91.18418884
Lebanon,2010,
Lebanon,2011,
Lebanon,2012,
Lebanon,2013,
Lebanon,2014,
Lebanon,2015,
Lebanon,2016,
Lebanon,2017,
Lebanon,2018,95.06944275
Lebanon,2019,95.30000305
Lebanon,2020,
Lebanon,2021,
Lesotho,2007,
Lesotho,2008,
Lesotho,2009,75.80020142
Lesotho,2010,
Lesotho,2011,
Lesotho,2012,
Lesotho,2013,
Lesotho,2014,76.6352005
Lesotho,2015,
Lesotho,2016,
Lesotho,2017,
Lesotho,2018,
Lesotho,2019,
Lesotho,2020,
Lesotho,2021,81.01999664
Liberia,2007,42.94107819
Liberia,2008,
Liberia,2009,
Liberia,2010,
Liberia,2011,
Liberia,2012,
Liberia,2013,
Liberia,2014,
Liberia,2015,
Liberia,2016,
Liberia,2017,48.30136108
Liberia,2018,
Liberia,2019,
Liberia,2020,
Liberia,2021,
Libya,2007,
Libya,2008,
Libya,2009,
Libya,2010,
Libya,2011,
Libya,2012,
Libya,2013,
Libya,2014,
Libya,2015,
Libya,2016,
Libya,2017,
Libya,2018,
Libya,2019,
Libya,2020,
Libya,2021,
Liechtenstein,2007,
Liechtenstein,2008,
Liechtenstein,2009,
Liechtenstein,2010,
Liechtenstein,2011,
Liechtenstein,2012,
Liechtenstein,2013,
Liechtenstein,2014,
Liechtenstein,2015,
Liechtenstein,2016,
Liechtenstein,2017,
Liechtenstein,2018,
Liechtenstein,2019,
Liechtenstein,2020,
Liechtenstein,2021,
Lithuania,2007,
Lithuania,2008,
Lithuania,2009,
Lithuania,2010,
Lithuania,2011,99.81559753
Lithuania,2012,
Lithuania,2013,
Lithuania,2014,
Lithuania,2015,
Lithuania,2016,
Lithuania,2017,
Lithuania,2018,
Lithuania,2019,
Lithuania,2020,
Lithuania,2021,99.83000183
Low & middle income,2007,79.81185913
Low & middle income,2008,80.3966217
Low & middle income,2009,80.75837708
Low & middle income,2010,81.28820801
Low & middle income,2011,81.55683899
Low & middle income,2012,82.09709167
Low & middle income,2013,82.34004211
Low & middle income,2014,82.84551239
Low & middle income,2015,83.03024292
Low & middle income,2016,83.58309174
Low & middle income,2017,83.88253021
Low & middle income,2018,83.9284668
Low & middle income,2019,84.38210297
Low & middle income,2020,84.57289124
Low & middle income,2021,
Low income,2007,52.30194855
Low income,2008,52.73405838
Low income,2009,53.22562027
Low income,2010,54.17541885
Low income,2011,56.11798859
Low income,2012,56.58974838
Low income,2013,57.58013153
Low income,2014,57.99214935
Low income,2015,58.55276108
Low income,2016,59.26771164
Low income,2017,60.3202095
Low income,2018,60.10586166
Low income,2019,60.65451813
Low income,2020,60.85430908
Low income,2021,
Lower middle income,2007,70.0437088
Lower middle income,2008,71.16751099
Lower middle income,2009,71.94159698
Lower middle income,2010,73.03414917
Lower middle income,2011,73.04888153
Lower middle income,2012,73.81665802
Lower middle income,2013,74.32679749
Lower middle income,2014,75.2041626
Lower middle income,2015,75.87806702
Lower middle income,2016,76.52313232
Lower middle income,2017,77.14888
Lower middle income,2018,77.66903687
Lower middle income,2019,78.35629272
Lower middle income,2020,78.79068756
Lower middle income,2021,
Luxembourg,2007,
Luxembourg,2008,
Luxembourg,2009,
Luxembourg,2010,
Luxembourg,2011,
Luxembourg,2012,
Luxembourg,2013,
Luxembourg,2014,
Luxembourg,2015,
Luxembourg,2016,
Luxembourg,2017,
Luxembourg,2018,
Luxembourg,2019,
Luxembourg,2020,
Luxembourg,2021,
"Macao SAR, China",2007,
"Macao SAR, China",2008,
"Macao SAR, China",2009,
"Macao SAR, China",2010,
"Macao SAR, China",2011,95.64003754
"Macao SAR, China",2012,
"Macao SAR, China",2013,
"Macao SAR, China",2014,
"Macao SAR, China",2015,
"Macao SAR, China",2016,96.5384903
"Macao SAR, China",2017,
"Macao SAR, China",2018,
"Macao SAR, China",2019,
"Macao SAR, China",2020,
"Macao SAR, China",2021,97.11000061
Madagascar,2007,
Madagascar,2008,
Madagascar,2009,64.48091125
Madagascar,2010,
Madagascar,2011,
Madagascar,2012,71.57261658
Madagascar,2013,
Madagascar,2014,
Madagascar,2015,
Madagascar,2016,
Madagascar,2017,
Madagascar,2018,76.67967987
Madagascar,2019,
Madagascar,2020,
Madagascar,2021,77.25
Malawi,2007,
Malawi,2008,
Malawi,2009,
Malawi,2010,61.30971909
Malawi,2011,
Malawi,2012,
Malawi,2013,
Malawi,2014,65.14537048
Malawi,2015,62.14353943
Malawi,2016,
Malawi,2017,
Malawi,2018,
Malawi,2019,
Malawi,2020,
Malawi,2021,67.30999756
Malaysia,2007,
Malaysia,2008,
Malaysia,2009,
Malaysia,2010,93.1178894
Malaysia,2011,
Malaysia,2012,
Malaysia,2013,
Malaysia,2014,
Malaysia,2015,
Malaysia,2016,94.88057709
Malaysia,2017,95.08264923
Malaysia,2018,94.85440826
Malaysia,2019,94.97113037
Malaysia,2020,
Malaysia,2021,
Maldives,2007,
Maldives,2008,
Maldives,2009,
Maldives,2010,
Maldives,2011,
Maldives,2012,
Maldives,2013,
Maldives,2014,98.61012268
Maldives,2015,
Maldives,2016,97.7349472
Maldives,2017,
Maldives,2018,
Maldives,2019,
Maldives,2020,
Maldives,2021,97.86000061
Mali,2007,
Mali,2008,
Mali,2009,
Mali,2010,31.09975052
Mali,2011,30.61866951
Mali,2012,
Mali,2013,
Mali,2014,
Mali,2015,33.06888962
Mali,2016,
Mali,2017,
Mali,2018,35.47377014
Mali,2019,
Mali,2020,30.76140976
Mali,2021,
Malta,2007,
Malta,2008,
Malta,2009,
Malta,2010,
Malta,2011,93.30735779
Malta,2012,
Malta,2013,
Malta,2014,
Malta,2015,
Malta,2016,
Malta,2017,
Malta,2018,94.50318909
Malta,2019,
Malta,2020,
Malta,2021,94.94000244
Marshall Islands,2007,
Marshall Islands,2008,
Marshall Islands,2009,
Marshall Islands,2010,
Marshall Islands,2011,98.26508331
Marshall Islands,2012,
Marshall Islands,2013,
Marshall Islands,2014,
Marshall Islands,2015,
Marshall Islands,2016,
Marshall Islands,2017,
Marshall Islands,2018,
Marshall Islands,2019,
Marshall Islands,2020,
Marshall Islands,2021,
Mauritania,2007,45.50378036
Mauritania,2008,
Mauritania,2009,
Mauritania,2010,
Mauritania,2011,
Mauritania,2012,
Mauritania,2013,62.06874847
Mauritania,2014,
Mauritania,2015,
Mauritania,2016,
Mauritania,2017,53.49758911
Mauritania,2018,
Mauritania,2019,
Mauritania,2020,
Mauritania,2021,66.95999908
Mauritius,2007,
Mauritius,2008,
Mauritius,2009,
Mauritius,2010,
Mauritius,2011,89.24983978
Mauritius,2012,91.76600647
Mauritius,2013,91.49002838
Mauritius,2014,92.47476196
Mauritius,2015,92.70760345
Mauritius,2016,93.15783691
Mauritius,2017,
Mauritius,2018,
Mauritius,2019,
Mauritius,2020,
Mauritius,2021,92.15000153
Mexico,2007,92.79517365
Mexico,2008,92.92559814
Mexico,2009,93.44187927
Mexico,2010,93.06893921
Mexico,2011,93.51998138
Mexico,2012,94.22840118
Mexico,2013,93.96285248
Mexico,2014,94.55587769
Mexico,2015,94.47228241
Mexico,2016,94.85961914
Mexico,2017,94.97277832
Mexico,2018,95.37991333
Mexico,2019,
Mexico,2020,95.24784851
Mexico,2021,
"Micronesia, Fed. Sts.",2007,
"Micronesia, Fed. Sts.",2008,
"Micronesia, Fed. Sts.",2009,
"Micronesia, Fed. Sts.",2010,
"Micronesia, Fed. Sts.",2011,
"Micronesia, Fed. Sts.",2012,
"Micronesia, Fed. Sts.",2013,
"Micronesia, Fed. Sts.",2014,
"Micronesia, Fed. Sts.",2015,
"Micronesia, Fed. Sts.",2016,
"Micronesia, Fed. Sts.",2017,
"Micronesia, Fed. Sts.",2018,
"Micronesia, Fed. Sts.",2019,
"Micronesia, Fed. Sts.",2020,
"Micronesia, Fed. Sts.",2021,
Middle East & North Africa,2007,74.91329956
Middle East & North Africa,2008,75.60903931
Middle East & North Africa,2009,75.49469757
Middle East & North Africa,2010,76.32344055
Middle East & North Africa,2011,77.09967041
Middle East & North Africa,2012,79.72863007
Middle East & North Africa,2013,79.50060272
Middle East & North Africa,2014,81.41558838
Middle East & North Africa,2015,79.38658142
Middle East & North Africa,2016,80.43865967
Middle East & North Africa,2017,81.4997406
Middle East & North Africa,2018,78.95095825
Middle East & North Africa,2019,79.27204895
Middle East & North Africa,2020,79.73738098
Middle East & North Africa,2021,
Middle East & North Africa (IDA & IBRD countries),2007,72.7177124
Middle East & North Africa (IDA & IBRD countries),2008,73.32022858
Middle East & North Africa (IDA & IBRD countries),2009,73.04463959
Middle East & North Africa (IDA & IBRD countries),2010,73.87197876
Middle East & North Africa (IDA & IBRD countries),2011,74.10549927
Middle East & North Africa (IDA & IBRD countries),2012,77.13475037
Middle East & North Africa (IDA & IBRD countries),2013,76.75495148
Middle East & North Africa (IDA & IBRD countries),2014,78.92595673
Middle East & North Africa (IDA & IBRD countries),2015,76.22794342
Middle East & North Africa (IDA & IBRD countries),2016,77.42990875
Middle East & North Africa (IDA & IBRD countries),2017,78.6571579
Middle East & North Africa (IDA & IBRD countries),2018,75.54756927
Middle East & North Africa (IDA & IBRD countries),2019,75.92459869
Middle East & North Africa (IDA & IBRD countries),2020,76.30580902
Middle East & North Africa (IDA & IBRD countries),2021,
Middle East & North Africa (excluding high income),2007,72.9235611
Middle East & North Africa (excluding high income),2008,73.52570343
Middle East & North Africa (excluding high income),2009,73.26029968
Middle East & North Africa (excluding high income),2010,74.08522797
Middle East & North Africa (excluding high income),2011,74.32199097
Middle East & North Africa (excluding high income),2012,77.32875824
Middle East & North Africa (excluding high income),2013,76.95916748
Middle East & North Africa (excluding high income),2014,79.11107635
Middle East & North Africa (excluding high income),2015,76.4473114
Middle East & North Africa (excluding high income),2016,77.64148712
Middle East & North Africa (excluding high income),2017,78.8600769
Middle East & North Africa (excluding high income),2018,75.79129028
Middle East & North Africa (excluding high income),2019,76.1687088
Middle East & North Africa (excluding high income),2020,76.5497818
Middle East & North Africa (excluding high income),2021,
Middle income,2007,81.85162354
Middle income,2008,82.47743988
Middle income,2009,82.86035156
Middle income,2010,83.38909912
Middle income,2011,83.55696869
Middle income,2012,84.13246918
Middle income,2013,84.34593201
Middle income,2014,84.89092255
Middle income,2015,85.07804108
Middle income,2016,85.65072632
Middle income,2017,85.92034149
Middle income,2018,86.02541351
Middle income,2019,86.50932312
Middle income,2020,86.74009705
Middle income,2021,
Moldova,2007,
Moldova,2008,
Moldova,2009,
Moldova,2010,
Moldova,2011,
Moldova,2012,
Moldova,2013,
Moldova,2014,99.3598938
Moldova,2015,
Moldova,2016,
Moldova,2017,
Moldova,2018,
Moldova,2019,
Moldova,2020,
Moldova,2021,99.59999847
Monaco,2007,
Monaco,2008,
Monaco,2009,
Monaco,2010,
Monaco,2011,
Monaco,2012,
Monaco,2013,
Monaco,2014,
Monaco,2015,
Monaco,2016,
Monaco,2017,
Monaco,2018,
Monaco,2019,
Monaco,2020,
Monaco,2021,
Mongolia,2007,
Mongolia,2008,
Mongolia,2009,
Mongolia,2010,98.25700378
Mongolia,2011,
Mongolia,2012,
Mongolia,2013,
Mongolia,2014,
Mongolia,2015,
Mongolia,2016,
Mongolia,2017,
Mongolia,2018,
Mongolia,2019,
Mongolia,2020,99.18327332
Mongolia,2021,
Montenegro,2007,
Montenegro,2008,
Montenegro,2009,
Montenegro,2010,
Montenegro,2011,98.44220734
Montenegro,2012,
Montenegro,2013,
Montenegro,2014,
Montenegro,2015,
Montenegro,2016,
Montenegro,2017,
Montenegro,2018,98.84718323
Montenegro,2019,
Montenegro,2020,
Montenegro,2021,98.98000336
Morocco,2007,
Morocco,2008,55.1479187
Morocco,2009,56.08367157
Morocco,2010,
Morocco,2011,67.08415985
Morocco,2012,69.42539215
Morocco,2013,
Morocco,2014,75.5861969
Morocco,2015,
Morocco,2016,
Morocco,2017,
Morocco,2018,73.75000763
Morocco,2019,
Morocco,2020,
Morocco,2021,75.93000031
Mozambique,2007,
Mozambique,2008,
Mozambique,2009,50.5838089
Mozambique,2010,
Mozambique,2011,
Mozambique,2012,
Mozambique,2013,
Mozambique,2014,
Mozambique,2015,56.03900146
Mozambique,2016,
Mozambique,2017,60.65542984
Mozambique,2018,
Mozambique,2019,
Mozambique,2020,
Mozambique,2021,63.41999817
Myanmar,2007,
Myanmar,2008,
Myanmar,2009,
Myanmar,2010,
Myanmar,2011,
Myanmar,2012,
Myanmar,2013,
Myanmar,2014,
Myanmar,2015,
Myanmar,2016,75.55120087
Myanmar,2017,
Myanmar,2018,
Myanmar,2019,89.06994629
Myanmar,2020,
Myanmar,2021,
Namibia,2007,76.48658752
Namibia,2008,
Namibia,2009,
Namibia,2010,
Namibia,2011,88.27462769
Namibia,2012,
Namibia,2013,
Namibia,2014,
Namibia,2015,
Namibia,2016,
Namibia,2017,
Namibia,2018,91.52726746
Namibia,2019,
Namibia,2020,
Namibia,2021,92.25
Nauru,2007,
Nauru,2008,
Nauru,2009,
Nauru,2010,
Nauru,2011,
Nauru,2012,
Nauru,2013,
Nauru,2014,
Nauru,2015,
Nauru,2016,
Nauru,2017,
Nauru,2018,
Nauru,2019,
Nauru,2020,
Nauru,2021,
Nepal,2007,
Nepal,2008,
Nepal,2009,
Nepal,2010,
Nepal,2011,59.62725067
Nepal,2012,
Nepal,2013,
Nepal,2014,
Nepal,2015,
Nepal,2016,
Nepal,2017,
Nepal,2018,67.90843201
Nepal,2019,
Nepal,2020,
Nepal,2021,71.15000153
Netherlands,2007,
Netherlands,2008,
Netherlands,2009,
Netherlands,2010,
Netherlands,2011,
Netherlands,2012,
Netherlands,2013,
Netherlands,2014,
Netherlands,2015,
Netherlands,2016,
Netherlands,2017,
Netherlands,2018,
Netherlands,2019,
Netherlands,2020,
Netherlands,2021,
New Caledonia,2007,
New Caledonia,2008,
New Caledonia,2009,
New Caledonia,2010,
New Caledonia,2011,
New Caledonia,2012,
New Caledonia,2013,
New Caledonia,2014,97.80000305
New Caledonia,2015,
New Caledonia,2016,
New Caledonia,2017,
New Caledonia,2018,
New Caledonia,2019,
New Caledonia,2020,
New Caledonia,2021,
New Zealand,2007,
New Zealand,2008,
New Zealand,2009,
New Zealand,2010,
New Zealand,2011,
New Zealand,2012,
New Zealand,2013,
New Zealand,2014,
New Zealand,2015,
New Zealand,2016,
New Zealand,2017,
New Zealand,2018,
New Zealand,2019,
New Zealand,2020,
New Zealand,2021,
Nicaragua,2007,
Nicaragua,2008,
Nicaragua,2009,
Nicaragua,2010,
Nicaragua,2011,
Nicaragua,2012,
Nicaragua,2013,
Nicaragua,2014,
Nicaragua,2015,82.61454773
Nicaragua,2016,
Nicaragua,2017,
Nicaragua,2018,
Nicaragua,2019,
Nicaragua,2020,
Nicaragua,2021,
Niger,2007,
Niger,2008,
Niger,2009,
Niger,2010,
Niger,2011,
Niger,2012,30.56039047
Niger,2013,
Niger,2014,
Niger,2015,
Niger,2016,
Niger,2017,
Niger,2018,35.04999924
Niger,2019,
Niger,2020,
Niger,2021,37.34000015
Nigeria,2007,
Nigeria,2008,51.07765961
Nigeria,2009,
Nigeria,2010,
Nigeria,2011,
Nigeria,2012,
Nigeria,2013,
Nigeria,2014,
Nigeria,2015,
Nigeria,2016,
Nigeria,2017,
Nigeria,2018,62.01601028
Nigeria,2019,
Nigeria,2020,
Nigeria,2021,
North America,2007,
North America,2008,
North America,2009,
North America,2010,
North America,2011,
North America,2012,
North America,2013,
North America,2014,
North America,2015,
North America,2016,
North America,2017,
North America,2018,
North America,2019,
North America,2020,
North America,2021,
North Macedonia,2007,
North Macedonia,2008,
North Macedonia,2009,
North Macedonia,2010,
North Macedonia,2011,
North Macedonia,2012,97.59999847
North Macedonia,2013,
North Macedonia,2014,97.80000305
North Macedonia,2015,
North Macedonia,2016,
North Macedonia,2017,
North Macedonia,2018,
North Macedonia,2019,
North Macedonia,2020,
North Macedonia,2021,
Northern Mariana Islands,2007,
Northern Mariana Islands,2008,
Northern Mariana Islands,2009,
Northern Mariana Islands,2010,
Northern Mariana Islands,2011,
Northern Mariana Islands,2012,
Northern Mariana Islands,2013,
Northern Mariana Islands,2014,
Northern Mariana Islands,2015,
Northern Mariana Islands,2016,
Northern Mariana Islands,2017,
Northern Mariana Islands,2018,
Northern Mariana Islands,2019,
Northern Mariana Islands,2020,
Northern Mariana Islands,2021,
Norway,2007,
Norway,2008,
Norway,2009,
Norway,2010,
Norway,2011,
Norway,2012,
Norway,2013,
Norway,2014,
Norway,2015,
Norway,2016,
Norway,2017,
Norway,2018,
Norway,2019,
Norway,2020,
Norway,2021,
Not classified,2007,
Not classified,2008,
Not classified,2009,
Not classified,2010,
Not classified,2011,
Not classified,2012,
Not classified,2013,
Not classified,2014,
Not classified,2015,
Not classified,2016,
Not classified,2017,
Not classified,2018,
Not classified,2019,
Not classified,2020,
Not classified,2021,
OECD members,2007,
OECD members,2008,
OECD members,2009,
OECD members,2010,
OECD members,2011,
OECD members,2012,
OECD members,2013,
OECD members,2014,
OECD members,2015,
OECD members,2016,
OECD members,2017,
OECD members,2018,
OECD members,2019,
OECD members,2020,
OECD members,2021,
Oman,2007,
Oman,2008,86.62113953
Oman,2009,
Oman,2010,86.93900299
Oman,2011,
Oman,2012,
Oman,2013,
Oman,2014,91.98120117
Oman,2015,93.03861237
Oman,2016,94.89998627
Oman,2017,95.5759964
Oman,2018,95.6515274
Oman,2019,
Oman,2020,
Oman,2021,
Other small states,2007,80.5163269
Other small states,2008,81.7490921
Other small states,2009,80.89338684
Other small states,2010,81.50482941
Other small states,2011,82.00820923
Other small states,2012,82.27467346
Other small states,2013,82.70617676
Other small states,2014,83.4460907
Other small states,2015,84.42913818
Other small states,2016,84.79267883
Other small states,2017,84.8690033
Other small states,2018,85.0184021
Other small states,2019,85.19822693
Other small states,2020,85.3736496
Other small states,2021,
Pacific island small states,2007,90.00518036
Pacific island small states,2008,90.13938141
Pacific island small states,2009,90.2678299
Pacific island small states,2010,90.40220642
Pacific island small states,2011,90.48288727
Pacific island small states,2012,90.54302216
Pacific island small states,2013,90.59533691
Pacific island small states,2014,90.60830688
Pacific island small states,2015,90.62507629
Pacific island small states,2016,90.67597198
Pacific island small states,2017,90.73033142
Pacific island small states,2018,90.79180908
Pacific island small states,2019,90.86129761
Pacific island small states,2020,90.93675995
Pacific island small states,2021,
Pakistan,2007,52.13682938
Pakistan,2008,55.526371
Pakistan,2009,54.89263916
Pakistan,2010,55.37519073
Pakistan,2011,54.73802185
Pakistan,2012,56.76433945
Pakistan,2013,55.59498978
Pakistan,2014,56.97714996
Pakistan,2015,
Pakistan,2016,
Pakistan,2017,59.13204956
Pakistan,2018,57.01057053
Pakistan,2019,57.99885941
Pakistan,2020,
Pakistan,2021,
Palau,2007,
Palau,2008,
Palau,2009,
Palau,2010,
Palau,2011,
Palau,2012,
Palau,2013,99.50312805
Palau,2014,
Palau,2015,96.59374237
Palau,2016,
Palau,2017,
Palau,2018,
Palau,2019,
Palau,2020,
Palau,2021,
Panama,2007,
Panama,2008,
Panama,2009,
Panama,2010,94.09411621
Panama,2011,
Panama,2012,
Panama,2013,
Panama,2014,
Panama,2015,
Panama,2016,
Panama,2017,
Panama,2018,95.41181183
Panama,2019,95.73607635
Panama,2020,
Panama,2021,
Papua New Guinea,2007,
Papua New Guinea,2008,
Papua New Guinea,2009,
Papua New Guinea,2010,61.59999847
Papua New Guinea,2011,
Papua New Guinea,2012,
Papua New Guinea,2013,
Papua New Guinea,2014,
Papua New Guinea,2015,
Papua New Guinea,2016,
Papua New Guinea,2017,
Papua New Guinea,2018,
Papua New Guinea,2019,
Papua New Guinea,2020,
Papua New Guinea,2021,
Paraguay,2007,94.55821991
Paraguay,2008,93.29208374
Paraguay,2009,93.75424194
Paraguay,2010,93.87091827
Paraguay,2011,
Paraguay,2012,94.19747162
Paraguay,2013,95.05903625
Paraguay,2014,95.03481293
Paraguay,2015,95.55484009
Paraguay,2016,94.65023804
Paraguay,2017,
Paraguay,2018,94.02079773
Paraguay,2019,93.21353149
Paraguay,2020,94.54454803
Paraguay,2021,
Peru,2007,89.59081268
Peru,2008,
Peru,2009,
Peru,2010,
Peru,2011,
Peru,2012,93.84172821
Peru,2013,
Peru,2014,93.70794678
Peru,2015,94.16233826
Peru,2016,94.17366791
Peru,2017,94.14961243
Peru,2018,94.40827179
Peru,2019,
Peru,2020,94.49793243
Peru,2021,
Philippines,2007,
Philippines,2008,95.42009735
Philippines,2009,
Philippines,2010,
Philippines,2011,
Philippines,2012,
Philippines,2013,96.39800262
Philippines,2014,
Philippines,2015,98.18254852
Philippines,2016,
Philippines,2017,
Philippines,2018,
Philippines,2019,96.27816772
Philippines,2020,
Philippines,2021,
Poland,2007,
Poland,2008,98.74273682
Poland,2009,
Poland,2010,
Poland,2011,
Poland,2012,
Poland,2013,
Poland,2014,
Poland,2015,
Poland,2016,
Poland,2017,
Poland,2018,
Poland,2019,
Poland,2020,
Poland,2021,99.80000305
Portugal,2007,
Portugal,2008,
Portugal,2009,
Portugal,2010,
Portugal,2011,94.47705078
Portugal,2012,
Portugal,2013,
Portugal,2014,
Portugal,2015,
Portugal,2016,
Portugal,2017,
Portugal,2018,96.1375885
Portugal,2019,
Portugal,2020,
Portugal,2021,96.77999878
Post-demographic dividend,2007,
Post-demographic dividend,2008,
Post-demographic dividend,2009,
Post-demographic dividend,2010,
Post-demographic dividend,2011,
Post-demographic dividend,2012,
Post-demographic dividend,2013,
Post-demographic dividend,2014,
Post-demographic dividend,2015,
Post-demographic dividend,2016,
Post-demographic dividend,2017,
Post-demographic dividend,2018,
Post-demographic dividend,2019,
Post-demographic dividend,2020,
Post-demographic dividend,2021,
Pre-demographic dividend,2007,54.70549011
Pre-demographic dividend,2008,54.6516304
Pre-demographic dividend,2009,53.95056152
Pre-demographic dividend,2010,54.58177185
Pre-demographic dividend,2011,56.30136108
Pre-demographic dividend,2012,58.88851929
Pre-demographic dividend,2013,59.58293915
Pre-demographic dividend,2014,60.65571976
Pre-demographic dividend,2015,59.71837997
Pre-demographic dividend,2016,62.01961136
Pre-demographic dividend,2017,63.13121033
Pre-demographic dividend,2018,62.97169113
Pre-demographic dividend,2019,63.53018188
Pre-demographic dividend,2020,63.84856033
Pre-demographic dividend,2021,
Puerto Rico,2007,
Puerto Rico,2008,
Puerto Rico,2009,
Puerto Rico,2010,91.96523285
Puerto Rico,2011,
Puerto Rico,2012,
Puerto Rico,2013,
Puerto Rico,2014,
Puerto Rico,2015,
Puerto Rico,2016,
Puerto Rico,2017,92.38999939
Puerto Rico,2018,
Puerto Rico,2019,
Puerto Rico,2020,
Puerto Rico,2021,92.40000153
Qatar,2007,90.06062317
Qatar,2008,91.01075745
Qatar,2009,91.15142059
Qatar,2010,91.77884674
Qatar,2011,91.36408234
Qatar,2012,90.1700592
Qatar,2013,90.63298798
Qatar,2014,91.3272171
Qatar,2015,
Qatar,2016,93.14530182
Qatar,2017,93.46396637
Qatar,2018,
Qatar,2019,
Qatar,2020,
Qatar,2021,
Romania,2007,
Romania,2008,
Romania,2009,
Romania,2010,
Romania,2011,98.60428619
Romania,2012,
Romania,2013,
Romania,2014,
Romania,2015,
Romania,2016,
Romania,2017,
Romania,2018,98.84449768
Romania,2019,
Romania,2020,
Romania,2021,98.90000153
Russian Federation,2007,
Russian Federation,2008,
Russian Federation,2009,
Russian Federation,2010,99.68427277
Russian Federation,2011,
Russian Federation,2012,
Russian Federation,2013,
Russian Federation,2014,
Russian Federation,2015,
Russian Federation,2016,
Russian Federation,2017,
Russian Federation,2018,99.73005676
Russian Federation,2019,
Russian Federation,2020,99.69999695
Russian Federation,2021,
Rwanda,2007,
Rwanda,2008,
Rwanda,2009,
Rwanda,2010,65.85227203
Rwanda,2011,
Rwanda,2012,68.3310318
Rwanda,2013,
Rwanda,2014,70.80413055
Rwanda,2015,
Rwanda,2016,
Rwanda,2017,
Rwanda,2018,73.21559143
Rwanda,2019,
Rwanda,2020,
Rwanda,2021,75.90000153
Samoa,2007,
Samoa,2008,
Samoa,2009,
Samoa,2010,
Samoa,2011,98.97325897
Samoa,2012,
Samoa,2013,
Samoa,2014,
Samoa,2015,
Samoa,2016,
Samoa,2017,
Samoa,2018,99.09577179
Samoa,2019,
Samoa,2020,
Samoa,2021,99.09999847
San Marino,2007,
San Marino,2008,
San Marino,2009,
San Marino,2010,
San Marino,2011,
San Marino,2012,
San Marino,2013,
San Marino,2014,
San Marino,2015,
San Marino,2016,
San Marino,2017,
San Marino,2018,
San Marino,2019,
San Marino,2020,
San Marino,2021,
Sao Tome and Principe,2007,
Sao Tome and Principe,2008,69.53639221
Sao Tome and Principe,2009,
Sao Tome and Principe,2010,
Sao Tome and Principe,2011,
Sao Tome and Principe,2012,90.14309692
Sao Tome and Principe,2013,
Sao Tome and Principe,2014,
Sao Tome and Principe,2015,
Sao Tome and Principe,2016,
Sao Tome and Principe,2017,
Sao Tome and Principe,2018,92.81664276
Sao Tome and Principe,2019,
Sao Tome and Principe,2020,
Sao Tome and Principe,2021,93.80000305
Saudi Arabia,2007,
Saudi Arabia,2008,
Saudi Arabia,2009,
Saudi Arabia,2010,
Saudi Arabia,2011,
Saudi Arabia,2012,
Saudi Arabia,2013,94.4263382
Saudi Arabia,2014,
Saudi Arabia,2015,
Saudi Arabia,2016,
Saudi Arabia,2017,95.32862854
Saudi Arabia,2018,
Saudi Arabia,2019,
Saudi Arabia,2020,97.58506775
Saudi Arabia,2021,
Senegal,2007,
Senegal,2008,
Senegal,2009,48.03678131
Senegal,2010,
Senegal,2011,51.81454849
Senegal,2012,
Senegal,2013,43.53450012
Senegal,2014,
Senegal,2015,
Senegal,2016,
Senegal,2017,51.90042114
Senegal,2018,
Senegal,2019,
Senegal,2020,
Senegal,2021,56.29999924
Serbia,2007,
Serbia,2008,
Serbia,2009,
Serbia,2010,
Serbia,2011,97.96240997
Serbia,2012,
Serbia,2013,
Serbia,2014,
Serbia,2015,
Serbia,2016,98.84150696
Serbia,2017,
Serbia,2018,
Serbia,2019,99.48252869
Serbia,2020,
Serbia,2021,
Seychelles,2007,
Seychelles,2008,
Seychelles,2009,
Seychelles,2010,93.95423126
Seychelles,2011,
Seychelles,2012,
Seychelles,2013,
Seychelles,2014,
Seychelles,2015,
Seychelles,2016,
Seychelles,2017,
Seychelles,2018,95.8677063
Seychelles,2019,
Seychelles,2020,96.19999695
Seychelles,2021,
Sierra Leone,2007,
Sierra Leone,2008,
Sierra Leone,2009,
Sierra Leone,2010,
Sierra Leone,2011,
Sierra Leone,2012,
Sierra Leone,2013,32.42617035
Sierra Leone,2014,
Sierra Leone,2015,
Sierra Leone,2016,
Sierra Leone,2017,
Sierra Leone,2018,43.20632935
Sierra Leone,2019,
Sierra Leone,2020,
Sierra Leone,2021,47.70000076
Singapore,2007,
Singapore,2008,
Singapore,2009,
Singapore,2010,95.85733032
Singapore,2011,96.18604279
Singapore,2012,96.36978912
Singapore,2013,96.54801941
Singapore,2014,96.71669006
Singapore,2015,96.82549286
Singapore,2016,97.04956055
Singapore,2017,97.2022171
Singapore,2018,97.34485626
Singapore,2019,97.47958374
Singapore,2020,97.1318512
Singapore,2021,
Sint Maarten (Dutch part),2007,
Sint Maarten (Dutch part),2008,
Sint Maarten (Dutch part),2009,
Sint Maarten (Dutch part),2010,
Sint Maarten (Dutch part),2011,
Sint Maarten (Dutch part),2012,
Sint Maarten (Dutch part),2013,
Sint Maarten (Dutch part),2014,
Sint Maarten (Dutch part),2015,
Sint Maarten (Dutch part),2016,
Sint Maarten (Dutch part),2017,
Sint Maarten (Dutch part),2018,
Sint Maarten (Dutch part),2019,
Sint Maarten (Dutch part),2020,
Sint Maarten (Dutch part),2021,
Slovak Republic,2007,
Slovak Republic,2008,
Slovak Republic,2009,
Slovak Republic,2010,
Slovak Republic,2011,
Slovak Republic,2012,
Slovak Republic,2013,
Slovak Republic,2014,
Slovak Republic,2015,
Slovak Republic,2016,
Slovak Republic,2017,
Slovak Republic,2018,
Slovak Republic,2019,
Slovak Republic,2020,
Slovak Republic,2021,
Slovenia,2007,
Slovenia,2008,
Slovenia,2009,
Slovenia,2010,
Slovenia,2011,
Slovenia,2012,
Slovenia,2013,
Slovenia,2014,99.69999695
Slovenia,2015,
Slovenia,2016,
Slovenia,2017,
Slovenia,2018,
Slovenia,2019,
Slovenia,2020,
Slovenia,2021,
Small states,2007,83.23513031
Small states,2008,84.14752197
Small states,2009,83.54250336
Small states,2010,83.97918701
Small states,2011,84.33994293
Small states,2012,84.49266052
Small states,2013,84.78076172
Small states,2014,85.31575775
Small states,2015,86.05586243
Small states,2016,86.32956696
Small states,2017,86.38819885
Small states,2018,86.50219727
Small states,2019,86.64064026
Small states,2020,86.77744293
Small states,2021,
Solomon Islands,2007,
Solomon Islands,2008,
Solomon Islands,2009,76.59999847
Solomon Islands,2010,
Solomon Islands,2011,
Solomon Islands,2012,
Solomon Islands,2013,
Solomon Islands,2014,
Solomon Islands,2015,
Solomon Islands,2016,
Solomon Islands,2017,
Solomon Islands,2018,
Solomon Islands,2019,
Solomon Islands,2020,
Solomon Islands,2021,
Somalia,2007,
Somalia,2008,
Somalia,2009,
Somalia,2010,
Somalia,2011,
Somalia,2012,
Somalia,2013,
Somalia,2014,
Somalia,2015,
Somalia,2016,
Somalia,2017,
Somalia,2018,
Somalia,2019,
Somalia,2020,
Somalia,2021,
South Africa,2007,88.71724701
South Africa,2008,
South Africa,2009,92.89485931
South Africa,2010,92.87731934
South Africa,2011,93.10214233
South Africa,2012,93.7294693
South Africa,2013,
South Africa,2014,94.13990021
South Africa,2015,94.36791992
South Africa,2016,
South Africa,2017,87.04666901
South Africa,2018,
South Africa,2019,95.02297211
South Africa,2020,
South Africa,2021,
South Asia,2007,61.71054077
South Asia,2008,63.63489151
South Asia,2009,64.33466339
South Asia,2010,66.0164032
South Asia,2011,66.51304626
South Asia,2012,67.26596832
South Asia,2013,68.01159668
South Asia,2014,68.73356628
South Asia,2015,69.65641785
South Asia,2016,70.9983902
South Asia,2017,71.69451141
South Asia,2018,71.96769714
South Asia,2019,72.67485809
South Asia,2020,73.28027344
South Asia,2021,
South Asia (IDA & IBRD),2007,61.71054077
South Asia (IDA & IBRD),2008,63.63489151
South Asia (IDA & IBRD),2009,64.33466339
South Asia (IDA & IBRD),2010,66.0164032
South Asia (IDA & IBRD),2011,66.51304626
South Asia (IDA & IBRD),2012,67.26596832
South Asia (IDA & IBRD),2013,68.01159668
South Asia (IDA & IBRD),2014,68.73356628
South Asia (IDA & IBRD),2015,69.65641785
South Asia (IDA & IBRD),2016,70.9983902
South Asia (IDA & IBRD),2017,71.69451141
South Asia (IDA & IBRD),2018,71.96769714
South Asia (IDA & IBRD),2019,72.67485809
South Asia (IDA & IBRD),2020,73.28027344
South Asia (IDA & IBRD),2021,
South Sudan,2007,
South Sudan,2008,26.83127975
South Sudan,2009,
South Sudan,2010,
South Sudan,2011,
South Sudan,2012,
South Sudan,2013,
South Sudan,2014,
South Sudan,2015,
South Sudan,2016,
South Sudan,2017,
South Sudan,2018,34.52275848
South Sudan,2019,
South Sudan,2020,
South Sudan,2021,
Spain,2007,97.93884277
Spain,2008,97.6306076
Spain,2009,97.67926788
Spain,2010,97.74890137
Spain,2011,97.78375244
Spain,2012,97.89453888
Spain,2013,98.07913208
Spain,2014,98.09371948
Spain,2015,98.14325714
Spain,2016,98.25051117
Spain,2017,
Spain,2018,98.43650055
Spain,2019,
Spain,2020,98.59445953
Spain,2021,
Sri Lanka,2007,
Sri Lanka,2008,90.55795288
Sri Lanka,2009,
Sri Lanka,2010,91.18135834
Sri Lanka,2011,
Sri Lanka,2012,
Sri Lanka,2013,
Sri Lanka,2014,
Sri Lanka,2015,
Sri Lanka,2016,92.38690186
Sri Lanka,2017,91.89575195
Sri Lanka,2018,91.70982361
Sri Lanka,2019,92.25296021
Sri Lanka,2020,92.38230133
Sri Lanka,2021,
St. Kitts and Nevis,2007,
St. Kitts and Nevis,2008,
St. Kitts and Nevis,2009,
St. Kitts and Nevis,2010,
St. Kitts and Nevis,2011,
St. Kitts and Nevis,2012,
St. Kitts and Nevis,2013,
St. Kitts and Nevis,2014,
St. Kitts and Nevis,2015,
St. Kitts and Nevis,2016,
St. Kitts and Nevis,2017,
St. Kitts and Nevis,2018,
St. Kitts and Nevis,2019,
St. Kitts and Nevis,2020,
St. Kitts and Nevis,2021,
St. Lucia,2007,
St. Lucia,2008,
St. Lucia,2009,
St. Lucia,2010,
St. Lucia,2011,
St. Lucia,2012,
St. Lucia,2013,
St. Lucia,2014,
St. Lucia,2015,
St. Lucia,2016,
St. Lucia,2017,
St. Lucia,2018,
St. Lucia,2019,
St. Lucia,2020,
St. Lucia,2021,
St. Martin (French part),2007,
St. Martin (French part),2008,
St. Martin (French part),2009,
St. Martin (French part),2010,
St. Martin (French part),2011,
St. Martin (French part),2012,
St. Martin (French part),2013,
St. Martin (French part),2014,
St. Martin (French part),2015,
St. Martin (French part),2016,
St. Martin (French part),2017,
St. Martin (French part),2018,
St. Martin (French part),2019,
St. Martin (French part),2020,
St. Martin (French part),2021,
St. Vincent and the Grenadines,2007,
St. Vincent and the Grenadines,2008,
St. Vincent and the Grenadines,2009,
St. Vincent and the Grenadines,2010,
St. Vincent and the Grenadines,2011,
St. Vincent and the Grenadines,2012,
St. Vincent and the Grenadines,2013,
St. Vincent and the Grenadines,2014,
St. Vincent and the Grenadines,2015,
St. Vincent and the Grenadines,2016,
St. Vincent and the Grenadines,2017,
St. Vincent and the Grenadines,2018,
St. Vincent and the Grenadines,2019,
St. Vincent and the Grenadines,2020,
St. Vincent and the Grenadines,2021,
Sub-Saharan Africa,2007,57.28401184
Sub-Saharan Africa,2008,57.37395096
Sub-Saharan Africa,2009,58.17715073
Sub-Saharan Africa,2010,58.73373032
Sub-Saharan Africa,2011,60.3055191
Sub-Saharan Africa,2012,61.49142075
Sub-Saharan Africa,2013,62.34981155
Sub-Saharan Africa,2014,63.00296021
Sub-Saharan Africa,2015,63.59801865
Sub-Saharan Africa,2016,64.30605316
Sub-Saharan Africa,2017,64.68676758
Sub-Saharan Africa,2018,66.13889313
Sub-Saharan Africa,2019,67.05906677
Sub-Saharan Africa,2020,67.27390289
Sub-Saharan Africa,2021,
Sub-Saharan Africa (IDA & IBRD countries),2007,57.28401184
Sub-Saharan Africa (IDA & IBRD countries),2008,57.37395096
Sub-Saharan Africa (IDA & IBRD countries),2009,58.17715073
Sub-Saharan Africa (IDA & IBRD countries),2010,58.73373032
Sub-Saharan Africa (IDA & IBRD countries),2011,60.3055191
Sub-Saharan Africa (IDA & IBRD countries),2012,61.49142075
Sub-Saharan Africa (IDA & IBRD countries),2013,62.34981155
Sub-Saharan Africa (IDA & IBRD countries),2014,63.00296021
Sub-Saharan Africa (IDA & IBRD countries),2015,63.59801865
Sub-Saharan Africa (IDA & IBRD countries),2016,64.30605316
Sub-Saharan Africa (IDA & IBRD countries),2017,64.68676758
Sub-Saharan Africa (IDA & IBRD countries),2018,66.13889313
Sub-Saharan Africa (IDA & IBRD countries),2019,67.05906677
Sub-Saharan Africa (IDA & IBRD countries),2020,67.27390289
Sub-Saharan Africa (IDA & IBRD countries),2021,
Sub-Saharan Africa (excluding high income),2007,57.27846146
Sub-Saharan Africa (excluding high income),2008,57.36851883
Sub-Saharan Africa (excluding high income),2009,58.1719017
Sub-Saharan Africa (excluding high income),2010,58.72864914
Sub-Saharan Africa (excluding high income),2011,60.30070877
Sub-Saharan Africa (excluding high income),2012,61.48683929
Sub-Saharan Africa (excluding high income),2013,62.34542084
Sub-Saharan Africa (excluding high income),2014,62.99871826
Sub-Saharan Africa (excluding high income),2015,63.59392929
Sub-Saharan Africa (excluding high income),2016,64.30213165
Sub-Saharan Africa (excluding high income),2017,64.68296051
Sub-Saharan Africa (excluding high income),2018,66.1353302
Sub-Saharan Africa (excluding high income),2019,67.05568695
Sub-Saharan Africa (excluding high income),2020,67.27060699
Sub-Saharan Africa (excluding high income),2021,
Sudan,2007,
Sudan,2008,53.51737976
Sudan,2009,
Sudan,2010,
Sudan,2011,
Sudan,2012,
Sudan,2013,
Sudan,2014,
Sudan,2015,
Sudan,2016,
Sudan,2017,
Sudan,2018,60.6971817
Sudan,2019,
Sudan,2020,
Sudan,2021,
Suriname,2007,
Suriname,2008,94.62094116
Suriname,2009,
Suriname,2010,94.67575073
Suriname,2011,
Suriname,2012,92.86865997
Suriname,2013,
Suriname,2014,
Suriname,2015,
Suriname,2016,
Suriname,2017,
Suriname,2018,94.38327026
Suriname,2019,
Suriname,2020,
Suriname,2021,95.0
Sweden,2007,
Sweden,2008,
Sweden,2009,
Sweden,2010,
Sweden,2011,
Sweden,2012,
Sweden,2013,
Sweden,2014,
Sweden,2015,
Sweden,2016,
Sweden,2017,
Sweden,2018,
Sweden,2019,
Sweden,2020,
Sweden,2021,
Switzerland,2007,
Switzerland,2008,
Switzerland,2009,
Switzerland,2010,
Switzerland,2011,
Switzerland,2012,
Switzerland,2013,
Switzerland,2014,
Switzerland,2015,
Switzerland,2016,
Switzerland,2017,
Switzerland,2018,
Switzerland,2019,
Switzerland,2020,
Switzerland,2021,
Syrian Arab Republic,2007,
Syrian Arab Republic,2008,
Syrian Arab Republic,2009,
Syrian Arab Republic,2010,
Syrian Arab Republic,2011,
Syrian Arab Republic,2012,
Syrian Arab Republic,2013,
Syrian Arab Republic,2014,86.30000305
Syrian Arab Republic,2015,
Syrian Arab Republic,2016,
Syrian Arab Republic,2017,
Syrian Arab Republic,2018,
Syrian Arab Republic,2019,
Syrian Arab Republic,2020,
Syrian Arab Republic,2021,
Tajikistan,2007,
Tajikistan,2008,
Tajikistan,2009,
Tajikistan,2010,99.69999695
Tajikistan,2011,
Tajikistan,2012,
Tajikistan,2013,
Tajikistan,2014,99.80000305
Tajikistan,2015,
Tajikistan,2016,
Tajikistan,2017,
Tajikistan,2018,
Tajikistan,2019,
Tajikistan,2020,
Tajikistan,2021,
Tanzania,2007,
Tanzania,2008,
Tanzania,2009,
Tanzania,2010,67.80069733
Tanzania,2011,
Tanzania,2012,78.10059357
Tanzania,2013,
Tanzania,2014,
Tanzania,2015,77.88722992
Tanzania,2016,
Tanzania,2017,
Tanzania,2018,
Tanzania,2019,
Tanzania,2020,
Tanzania,2021,81.80000305
Thailand,2007,
Thailand,2008,
Thailand,2009,
Thailand,2010,96.4309082
Thailand,2011,
Thailand,2012,
Thailand,2013,93.70207214
Thailand,2014,
Thailand,2015,92.86830902
Thailand,2016,
Thailand,2017,
Thailand,2018,93.76776123
Thailand,2019,
Thailand,2020,
Thailand,2021,94.09999847
Timor-Leste,2007,50.59999847
Timor-Leste,2008,
Timor-Leste,2009,
Timor-Leste,2010,58.30897903
Timor-Leste,2011,
Timor-Leste,2012,
Timor-Leste,2013,
Timor-Leste,2014,
Timor-Leste,2015,
Timor-Leste,2016,
Timor-Leste,2017,
Timor-Leste,2018,68.0668335
Timor-Leste,2019,
Timor-Leste,2020,69.90000153
Timor-Leste,2021,
Togo,2007,
Togo,2008,
Togo,2009,57.09337997
Togo,2010,
Togo,2011,60.40993881
Togo,2012,
Togo,2013,
Togo,2014,
Togo,2015,63.74562073
Togo,2016,
Togo,2017,
Togo,2018,
Togo,2019,66.53707886
Togo,2020,
Togo,2021,
Tonga,2007,
Tonga,2008,
Tonga,2009,
Tonga,2010,
Tonga,2011,99.38552856
Tonga,2012,
Tonga,2013,
Tonga,2014,
Tonga,2015,
Tonga,2016,
Tonga,2017,
Tonga,2018,99.41436768
Tonga,2019,
Tonga,2020,
Tonga,2021,99.40000153
Trinidad and Tobago,2007,
Trinidad and Tobago,2008,
Trinidad and Tobago,2009,
Trinidad and Tobago,2010,98.69999695
Trinidad and Tobago,2011,
Trinidad and Tobago,2012,
Trinidad and Tobago,2013,
Trinidad and Tobago,2014,
Trinidad and Tobago,2015,
Trinidad and Tobago,2016,
Trinidad and Tobago,2017,
Trinidad and Tobago,2018,
Trinidad and Tobago,2019,
Trinidad and Tobago,2020,
Trinidad and Tobago,2021,
Tunisia,2007,77.19039917
Tunisia,2008,77.7146225
Tunisia,2009,
Tunisia,2010,79.13057709
Tunisia,2011,79.65390778
Tunisia,2012,80.21875
Tunisia,2013,
Tunisia,2014,79.03643036
Tunisia,2015,
Tunisia,2016,
Tunisia,2017,
Tunisia,2018,
Tunisia,2019,
Tunisia,2020,
Tunisia,2021,82.69999695
Turkiye,2007,88.65589905
Turkiye,2008,
Turkiye,2009,90.81671906
Turkiye,2010,92.66059875
Turkiye,2011,94.10608673
Turkiye,2012,94.9197464
Turkiye,2013,95.25666046
Turkiye,2014,95.4396286
Turkiye,2015,95.60141754
Turkiye,2016,96.16732788
Turkiye,2017,96.15052795
Turkiye,2018,
Turkiye,2019,96.74221039
Turkiye,2020,
Turkiye,2021,
Turkmenistan,2007,
Turkmenistan,2008,
Turkmenistan,2009,
Turkmenistan,2010,
Turkmenistan,2011,
Turkmenistan,2012,
Turkmenistan,2013,
Turkmenistan,2014,99.69999695
Turkmenistan,2015,
Turkmenistan,2016,
Turkmenistan,2017,
Turkmenistan,2018,
Turkmenistan,2019,
Turkmenistan,2020,
Turkmenistan,2021,
Turks and Caicos Islands,2007,
Turks and Caicos Islands,2008,
Turks and Caicos Islands,2009,
Turks and Caicos Islands,2010,
Turks and Caicos Islands,2011,
Turks and Caicos Islands,2012,
Turks and Caicos Islands,2013,
Turks and Caicos Islands,2014,
Turks and Caicos Islands,2015,
Turks and Caicos Islands,2016,
Turks and Caicos Islands,2017,
Turks and Caicos Islands,2018,
Turks and Caicos Islands,2019,
Turks and Caicos Islands,2020,
Turks and Caicos Islands,2021,
Tuvalu,2007,
Tuvalu,2008,
Tuvalu,2009,
Tuvalu,2010,
Tuvalu,2011,
Tuvalu,2012,
Tuvalu,2013,
Tuvalu,2014,
Tuvalu,2015,
Tuvalu,2016,
Tuvalu,2017,
Tuvalu,2018,
Tuvalu,2019,
Tuvalu,2020,
Tuvalu,2021,
Uganda,2007,
Uganda,2008,
Uganda,2009,
Uganda,2010,73.21188354
Uganda,2011,
Uganda,2012,70.1982193
Uganda,2013,
Uganda,2014,
Uganda,2015,
Uganda,2016,
Uganda,2017,
Uganda,2018,76.52749634
Uganda,2019,
Uganda,2020,
Uganda,2021,79.0
Ukraine,2007,
Ukraine,2008,
Ukraine,2009,
Ukraine,2010,
Ukraine,2011,
Ukraine,2012,99.97434998
Ukraine,2013,
Ukraine,2014,
Ukraine,2015,
Ukraine,2016,
Ukraine,2017,
Ukraine,2018,
Ukraine,2019,
Ukraine,2020,
Ukraine,2021,100.0
United Arab Emirates,2007,
United Arab Emirates,2008,
United Arab Emirates,2009,
United Arab Emirates,2010,
United Arab Emirates,2011,
United Arab Emirates,2012,
United Arab Emirates,2013,
United Arab Emirates,2014,
United Arab Emirates,2015,
United Arab Emirates,2016,
United Arab Emirates,2017,
United Arab Emirates,2018,
United Arab Emirates,2019,95.52648163
United Arab Emirates,2020,
United Arab Emirates,2021,98.12635803
United Kingdom,2007,
United Kingdom,2008,
United Kingdom,2009,
United Kingdom,2010,
United Kingdom,2011,
United Kingdom,2012,
United Kingdom,2013,
United Kingdom,2014,
United Kingdom,2015,
United Kingdom,2016,
United Kingdom,2017,
United Kingdom,2018,
United Kingdom,2019,
United Kingdom,2020,
United Kingdom,2021,
United States,2007,
United States,2008,
United States,2009,
United States,2010,
United States,2011,
United States,2012,
United States,2013,
United States,2014,
United States,2015,
United States,2016,
United States,2017,
United States,2018,
United States,2019,
United States,2020,
United States,2021,
Upper middle income,2007,93.88041687
Upper middle income,2008,94.11356354
Upper middle income,2009,94.20758057
Upper middle income,2010,94.2562027
Upper middle income,2011,94.69145966
Upper middle income,2012,95.17037201
Upper middle income,2013,95.17218018
Upper middle income,2014,95.46192932
Upper middle income,2015,95.21785736
Upper middle income,2016,95.81130981
Upper middle income,2017,95.77996826
Upper middle income,2018,95.51000214
Upper middle income,2019,95.85511017
Upper middle income,2020,95.94558716
Upper middle income,2021,
Uruguay,2007,97.8638916
Uruguay,2008,98.16355896
Uruguay,2009,98.26722717
Uruguay,2010,98.07270813
Uruguay,2011,98.33589935
Uruguay,2012,98.39594269
Uruguay,2013,98.36386871
Uruguay,2014,98.43592834
Uruguay,2015,98.52387238
Uruguay,2016,98.56147003
Uruguay,2017,98.61572266
Uruguay,2018,98.70385742
Uruguay,2019,98.7703476
Uruguay,2020,
Uruguay,2021,
Uzbekistan,2007,
Uzbekistan,2008,
Uzbekistan,2009,
Uzbekistan,2010,
Uzbekistan,2011,
Uzbekistan,2012,
Uzbekistan,2013,99.99485779
Uzbekistan,2014,99.98055267
Uzbekistan,2015,99.98383331
Uzbekistan,2016,99.98657227
Uzbekistan,2017,
Uzbekistan,2018,99.9928894
Uzbekistan,2019,99.99994659
Uzbekistan,2020,
Uzbekistan,2021,
Vanuatu,2007,
Vanuatu,2008,
Vanuatu,2009,
Vanuatu,2010,
Vanuatu,2011,
Vanuatu,2012,
Vanuatu,2013,
Vanuatu,2014,84.69999695
Vanuatu,2015,
Vanuatu,2016,
Vanuatu,2017,
Vanuatu,2018,87.50630951
Vanuatu,2019,
Vanuatu,2020,
Vanuatu,2021,89.09999847
"Venezuela, RB",2007,95.1546402
"Venezuela, RB",2008,
"Venezuela, RB",2009,95.51199341
"Venezuela, RB",2010,
"Venezuela, RB",2011,94.7702179
"Venezuela, RB",2012,
"Venezuela, RB",2013,
"Venezuela, RB",2014,
"Venezuela, RB",2015,96.60521698
"Venezuela, RB",2016,97.12709045
"Venezuela, RB",2017,
"Venezuela, RB",2018,
"Venezuela, RB",2019,
"Venezuela, RB",2020,
"Venezuela, RB",2021,97.5
Vietnam,2007,
Vietnam,2008,
Vietnam,2009,93.52044678
Vietnam,2010,
Vietnam,2011,
Vietnam,2012,
Vietnam,2013,
Vietnam,2014,
Vietnam,2015,
Vietnam,2016,
Vietnam,2017,
Vietnam,2018,
Vietnam,2019,95.7538681
Vietnam,2020,
Vietnam,2021,
Virgin Islands (U.S.),2007,
Virgin Islands (U.S.),2008,
Virgin Islands (U.S.),2009,
Virgin Islands (U.S.),2010,
Virgin Islands (U.S.),2011,
Virgin Islands (U.S.),2012,
Virgin Islands (U.S.),2013,
Virgin Islands (U.S.),2014,
Virgin Islands (U.S.),2015,
Virgin Islands (U.S.),2016,
Virgin Islands (U.S.),2017,
Virgin Islands (U.S.),2018,
Virgin Islands (U.S.),2019,
Virgin Islands (U.S.),2020,
Virgin Islands (U.S.),2021,
West Bank and Gaza,2007,93.76170349
West Bank and Gaza,2008,94.00984192
West Bank and Gaza,2009,94.43018341
West Bank and Gaza,2010,94.71748352
West Bank and Gaza,2011,95.02581787
West Bank and Gaza,2012,95.67101288
West Bank and Gaza,2013,96.04602814
West Bank and Gaza,2014,96.21292877
West Bank and Gaza,2015,96.47711945
West Bank and Gaza,2016,96.7191925
West Bank and Gaza,2017,96.92440033
West Bank and Gaza,2018,97.21861267
West Bank and Gaza,2019,97.37825775
West Bank and Gaza,2020,97.5144577
West Bank and Gaza,2021,
World,2007,82.94480896
World,2008,83.42507935
World,2009,83.71627045
World,2010,84.11115265
World,2011,84.31716156
World,2012,84.76016998
World,2013,84.95265961
World,2014,85.40184784
World,2015,85.5592804
World,2016,86.00863647
World,2017,86.2482605
World,2018,86.27850342
World,2019,86.65676117
World,2020,86.8143692
World,2021,
"Yemen, Rep.",2007,
"Yemen, Rep.",2008,
"Yemen, Rep.",2009,
"Yemen, Rep.",2010,
"Yemen, Rep.",2011,
"Yemen, Rep.",2012,
"Yemen, Rep.",2013,
"Yemen, Rep.",2014,
"Yemen, Rep.",2015,
"Yemen, Rep.",2016,
"Yemen, Rep.",2017,
"Yemen, Rep.",2018,
"Yemen, Rep.",2019,
"Yemen, Rep.",2020,
"Yemen, Rep.",2021,
Zambia,2007,61.12709045
Zambia,2008,
Zambia,2009,
Zambia,2010,83.00766754
Zambia,2011,
Zambia,2012,
Zambia,2013,
Zambia,2014,
Zambia,2015,
Zambia,2016,
Zambia,2017,
Zambia,2018,86.74796295
Zambia,2019,
Zambia,2020,87.5
Zambia,2021,
Zimbabwe,2007,
Zimbabwe,2008,
Zimbabwe,2009,
Zimbabwe,2010,
Zimbabwe,2011,83.58271027
Zimbabwe,2012,
Zimbabwe,2013,
Zimbabwe,2014,88.69342041
Zimbabwe,2015,
Zimbabwe,2016,
Zimbabwe,2017,
Zimbabwe,2018,
Zimbabwe,2019,
Zimbabwe,2020,
Zimbabwe,2021,89.69999695
